student_id,name,grade,school,school_level,school_year,counselor,attendance_pct,referrals,suspensions,gpa,failing_subjects,ela_score,ela_prior,math_score,math_prior,sci_score,writing_score,hist_labels,hist_ela,hist_math
1001,Elijah Cruz,7,Lincoln Middle,MS,2024-25,Ms. Torres,94.9,0,0,3.88,0,309,310,317,321,155,3.6,G3|G4|G5|G6|G7,295|299|304|299|309,311|317|306|310|317
1002,Andre Walker,10,Washington High,HS,2024-25,Mr. Pham,93.5,0,0,2.79,0,297,300,308,308,156,4.2,G3|G4|G5|G6|G7|G8|G9|G10,273|280|288|304|292|279|296|297,297|276|309|316|295|302|297|308
1003,Unity Dean,10,Washington High,HS,2024-25,Ms. Johnson,85,1,3,1.3,3,279,281,262,269,129,1.4,G3|G4|G5|G6|G7|G8|G9|G10,257|262|252|259|285|280|286|279,245|240|245|259|262|263|277|262
1004,Alicia Patel,6,Lincoln Middle,MS,2024-25,Mr. Okafor,99.4,0,0,3.78,0,318,322,306,304,169,4.2,G3|G4|G5|G6,314|316|335|318,298|308|300|306
1005,Abby Owen,11,Washington High,HS,2024-25,Ms. Rivera,95.6,0,0,2.27,1,314,317,311,313,157,3.4,G3|G4|G5|G6|G7|G8|G9|G10|G11,291|295|307|299|298|312|306|327|314,288|295|297|297|308|295|294|312|311
1006,Nico Hall,3,Riverside Elementary,ES,2024-25,Ms. Chen,75.8,4,3,1.99,3,271,283,274,279,,,G3,271,274
1007,Paxton Yates,7,Lincoln Middle,MS,2024-25,Mr. Williams,99.4,0,0,3.63,0,347,350,312,308,150,4.4,G3|G4|G5|G6|G7,324|343|343|342|347,298|320|301|298|312
1008,Oscar Zimmerman,9,Washington High,HS,2024-25,Ms. Torres,85,4,1,1.62,3,284,284,273,281,116,1.7,G3|G4|G5|G6|G7|G8|G9,259|275|267|260|286|286|284,247|256|263|259|266|269|273
1009,Nash Davis,10,Washington High,HS,2024-25,Mr. Pham,95.9,0,0,3.31,0,307,311,320,323,157,3.5,G3|G4|G5|G6|G7|G8|G9|G10,284|282|281|318|302|290|301|307,291|297|305|307|309|313|308|320
1010,Haven Hall,4,Riverside Elementary,ES,2024-25,Ms. Johnson,85,2,1,1.54,4,273,281,257,265,,1.2,G3|G4,268|273,248|257
1011,Iris Taylor,11,Washington High,HS,2024-25,Mr. Okafor,78.6,3,0,1.4,2,253,256,256,270,105,1.0,G3|G4|G5|G6|G7|G8|G9|G10|G11,240|240|240|244|249|249|240|245|253,240|240|251|240|251|260|243|246|256
1012,Beck Carroll,7,Lincoln Middle,MS,2024-25,Ms. Rivera,85,3,1,1.38,3,276,273,279,284,110,1.3,G3|G4|G5|G6|G7,250|259|263|275|276,278|274|271|280|279
1013,Nathan Xiao,8,Lincoln Middle,MS,2024-25,Ms. Chen,97.2,0,0,3.33,0,309,309,325,326,150,3.7,G3|G4|G5|G6|G7|G8,284|290|300|297|309|309,300|304|300|319|331|325
1014,Zuri Park,4,Riverside Elementary,ES,2024-25,Mr. Williams,85,3,0,1.63,2,272,280,266,269,,1.4,G3|G4,262|272,240|266
1015,Marsh Grant,9,Washington High,HS,2024-25,Ms. Torres,76.5,1,0,1.99,3,256,268,243,248,109,1.1,G3|G4|G5|G6|G7|G8|G9,242|240|240|249|255|240|256,240|240|240|241|240|247|243
1016,Adele Baker,9,Washington High,HS,2024-25,Mr. Pham,95.9,0,0,3.55,0,322,325,306,306,170,3.7,G3|G4|G5|G6|G7|G8|G9,296|315|313|314|320|315|322,287|300|305|303|297|290|306
1017,Ramona Uribe,4,Riverside Elementary,ES,2024-25,Ms. Johnson,94.9,0,0,2.18,0,311,313,307,310,,3.8,G3|G4,302|311,308|307
1018,Yale Nelson,10,Washington High,HS,2024-25,Mr. Okafor,81.7,1,0,1.54,3,243,247,267,269,127,1.2,G3|G4|G5|G6|G7|G8|G9|G10,240|240|240|240|240|240|243|243,244|241|267|246|255|257|243|267
1019,Ever Nguyen,12,Washington High,HS,2024-25,Ms. Rivera,98.2,0,0,3.48,0,331,331,318,319,160,4.4,G3|G4|G5|G6|G7|G8|G9|G10|G11|G12,288|312|314|315|316|315|313|323|312|331,291|282|302|297|304|316|322|315|305|318
1020,Zen Turner,11,Washington High,HS,2024-25,Ms. Chen,93.3,0,0,3.08,0,305,305,297,298,162,4.0,G3|G4|G5|G6|G7|G8|G9|G10|G11,298|291|289|283|306|294|309|304|305,272|270|282|286|273|271|290|299|297
1021,Paloma Rojas,7,Lincoln Middle,MS,2024-25,Mr. Williams,94.8,0,0,2.97,0,335,336,329,329,150,3.2,G3|G4|G5|G6|G7,337|330|333|331|335,313|316|321|335|329
1022,Kayla Underwood,7,Lincoln Middle,MS,2024-25,Ms. Torres,85,2,2,1.55,3,256,266,267,276,129,0.8,G3|G4|G5|G6|G7,240|241|246|247|256,259|265|247|262|267
1023,Brianna Kim,6,Lincoln Middle,MS,2024-25,Mr. Pham,75.2,4,0,1.71,3,273,277,276,279,115,0.9,G3|G4|G5|G6,277|257|273|273,270|273|277|276
1024,Esme Ibarra,8,Lincoln Middle,MS,2024-25,Ms. Johnson,94.5,0,0,2.15,1,312,315,297,298,161,3.5,G3|G4|G5|G6|G7|G8,295|294|313|303|314|312,293|266|276|296|295|297
1025,Mateo Vega,3,Riverside Elementary,ES,2024-25,Mr. Okafor,71.1,0,1,1.13,1,269,276,260,269,,,G3,269,260
1026,Carmen Soto,3,Riverside Elementary,ES,2024-25,Ms. Rivera,94.9,0,0,3.42,0,334,331,311,314,,,G3,334,311
1027,Vega Rivera,5,Riverside Elementary,ES,2024-25,Ms. Chen,70.7,4,1,1.12,3,283,284,273,283,121,0.9,G3|G4|G5,288|286|283,273|270|273
1028,Yule Soto,12,Washington High,HS,2024-25,Mr. Williams,97.9,0,0,3.18,0,327,328,307,307,173,3.0,G3|G4|G5|G6|G7|G8|G9|G10|G11|G12,301|294|286|307|317|323|326|314|321|327,286|276|300|310|277|299|291|317|297|307
1029,Sky Xiao,8,Lincoln Middle,MS,2024-25,Ms. Torres,98.2,0,0,4.0,0,309,308,300,302,169,4.3,G3|G4|G5|G6|G7|G8,283|308|299|314|308|309,291|301|305|280|292|300
1030,Vera Davis,12,Washington High,HS,2024-25,Mr. Pham,71.7,1,1,1.61,3,275,284,278,280,129,1.4,G3|G4|G5|G6|G7|G8|G9|G10|G11|G12,240|248|240|260|263|262|269|266|271|275,240|264|252|269|257|270|267|277|284|278
1031,Zack Zimmerman,11,Washington High,HS,2024-25,Ms. Johnson,94.5,0,0,2.39,0,302,300,332,335,153,3.4,G3|G4|G5|G6|G7|G8|G9|G10|G11,279|270|281|276|298|291|297|297|302,306|296|313|308|316|320|317|338|332
1032,Indie Xu,9,Washington High,HS,2024-25,Mr. Okafor,99.8,0,0,3.69,0,302,302,316,316,164,3.5,G3|G4|G5|G6|G7|G8|G9,278|281|282|302|283|288|302,308|303|309|307|302|306|316
1033,Fern Garcia,6,Lincoln Middle,MS,2024-25,Ms. Rivera,95.6,0,0,2.22,1,315,318,305,308,165,3.6,G3|G4|G5|G6,294|323|320|315,305|295|305|305
1034,Vale Ayala,8,Lincoln Middle,MS,2024-25,Ms. Chen,73.0,4,1,1.75,2,255,260,277,283,119,1.3,G3|G4|G5|G6|G7|G8,241|254|252|252|251|255,263|258|271|283|268|277
1035,Derek Turner,4,Riverside Elementary,ES,2024-25,Mr. Williams,93.0,0,0,2.32,0,331,330,297,297,,3.2,G3|G4,322|331,292|297
1036,Lucia Nguyen,12,Washington High,HS,2024-25,Ms. Torres,79.8,2,1,1.54,3,261,272,265,269,112,1.2,G3|G4|G5|G6|G7|G8|G9|G10|G11|G12,240|240|240|240|243|259|248|256|257|261,240|242|251|240|248|249|255|254|261|265
1037,Ever Foster,8,Lincoln Middle,MS,2024-25,Mr. Pham,96.7,0,0,2.22,1,335,336,315,317,164,3.5,G3|G4|G5|G6|G7|G8,309|330|326|334|342|335,306|300|297|318|304|315
1038,Vale Hall,5,Riverside Elementary,ES,2024-25,Ms. Johnson,93.6,0,0,2.74,0,303,307,321,320,165,3.7,G3|G4|G5,305|305|303,330|314|321
1039,Vivian White,5,Riverside Elementary,ES,2024-25,Mr. Okafor,94.4,0,0,3.2,0,319,321,325,329,171,3.2,G3|G4|G5,313|312|319,309|319|325
1040,Joelle Gomez,7,Lincoln Middle,MS,2024-25,Ms. Rivera,85,4,2,1.71,3,262,272,262,275,129,1.4,G3|G4|G5|G6|G7,258|263|268|252|262,250|247|242|262|262
1041,Remy Young,5,Riverside Elementary,ES,2024-25,Ms. Chen,96.4,0,0,3.8,0,330,332,297,299,168,3.4,G3|G4|G5,326|323|330,286|286|297
1042,Portia Reed,6,Lincoln Middle,MS,2024-25,Mr. Williams,95.0,1,0,3.71,0,319,320,301,302,172,4.3,G3|G4|G5|G6,308|314|304|319,298|295|296|301
1043,Nathan Yates,3,Riverside Elementary,ES,2024-25,Ms. Torres,98.8,0,0,3.18,0,321,325,324,328,,,G3,321,324
1044,Neve Yates,5,Riverside Elementary,ES,2024-25,Mr. Pham,92.5,0,0,2.46,0,300,300,303,303,160,4.0,G3|G4|G5,295|302|300,302|286|303
1045,Franz Zimmerman,4,Riverside Elementary,ES,2024-25,Ms. Johnson,70.9,2,0,1.66,1,258,268,256,265,,1.2,G3|G4,251|258,253|256
1046,Ever Rojas,3,Riverside Elementary,ES,2024-25,Mr. Okafor,97.8,0,0,3.84,0,298,302,297,299,,,G3,298,297
1047,Zion Norris,4,Riverside Elementary,ES,2024-25,Ms. Rivera,96.5,0,0,2.78,0,321,320,320,314,,3.3,G3|G4,324|321,315|320
1048,Flynn Brown,9,Washington High,HS,2024-25,Ms. Chen,96.7,0,0,3.78,0,308,309,319,318,150,4.0,G3|G4|G5|G6|G7|G8|G9,293|310|296|300|290|301|308,294|312|309|315|299|317|319
1049,Mabel Nguyen,10,Washington High,HS,2024-25,Mr. Williams,96.0,0,0,3.48,0,330,331,312,312,155,3.0,G3|G4|G5|G6|G7|G8|G9|G10,313|311|310|320|327|320|318|330,285|297|296|309|314|308|294|312
1050,Xio Rivera,8,Lincoln Middle,MS,2024-25,Ms. Torres,96.0,0,0,3.28,0,325,328,322,326,165,4.0,G3|G4|G5|G6|G7|G8,317|311|325|319|318|325,302|307|324|317|318|322
1051,Ace Eaton,9,Washington High,HS,2024-25,Mr. Pham,95.7,0,0,3.22,0,344,346,304,297,150,3.6,G3|G4|G5|G6|G7|G8|G9,312|331|337|346|338|332|344,300|297|294|299|308|288|304
1052,Ruben Carroll,12,Washington High,HS,2024-25,Ms. Johnson,95.4,0,0,3.31,0,346,345,299,302,161,3.5,G3|G4|G5|G6|G7|G8|G9|G10|G11|G12,322|322|319|328|332|352|343|342|338|346,265|272|267|293|267|291|295|297|300|299
1053,Hugo Zhang,4,Riverside Elementary,ES,2024-25,Mr. Okafor,96.7,0,0,3.41,0,315,315,305,309,,4.0,G3|G4,303|315,300|305
1054,Navy Yates,3,Riverside Elementary,ES,2024-25,Ms. Rivera,94.7,0,0,2.66,0,318,318,329,328,,,G3,318,329
1055,Petra Rojas,11,Washington High,HS,2024-25,Ms. Chen,94.4,1,0,2.23,1,311,313,299,303,156,4.1,G3|G4|G5|G6|G7|G8|G9|G10|G11,279|289|289|283|301|303|300|305|311,282|272|283|287|269|290|294|290|299
1056,Joel Vargas,4,Riverside Elementary,ES,2024-25,Mr. Williams,96.0,0,0,2.29,0,303,305,311,310,,3.8,G3|G4,299|303,312|311
1057,Xena Rivera,4,Riverside Elementary,ES,2024-25,Ms. Torres,95.2,0,0,3.24,0,341,343,309,307,,3.7,G3|G4,352|341,293|309
1058,Jade Hall,8,Lincoln Middle,MS,2024-25,Mr. Pham,79.6,3,2,1.22,3,280,284,250,255,126,1.7,G3|G4|G5|G6|G7|G8,273|262|255|273|281|280,240|242|240|243|244|250
1059,Waverly Irwin,8,Lincoln Middle,MS,2024-25,Ms. Johnson,96.0,0,0,3.63,0,320,320,335,337,173,3.4,G3|G4|G5|G6|G7|G8,303|314|321|320|334|320,318|319|318|317|338|335
1060,Mia Xu,3,Riverside Elementary,ES,2024-25,Mr. Okafor,97.9,0,0,2.79,0,324,328,313,313,,,G3,324,313
1061,Neve Ramos,9,Washington High,HS,2024-25,Ms. Rivera,78.5,2,1,1.98,4,277,281,265,273,128,1.7,G3|G4|G5|G6|G7|G8|G9,267|260|264|250|281|266|277,253|262|240|251|246|267|265
1062,Evan Baker,3,Riverside Elementary,ES,2024-25,Ms. Chen,96.4,0,0,3.07,0,297,297,315,313,,,G3,297,315
1063,Neve Acosta,7,Lincoln Middle,MS,2024-25,Mr. Williams,77.7,2,0,1.3,3,283,284,260,263,116,1.6,G3|G4|G5|G6|G7,273|265|280|278|283,253|251|247|253|260
1064,Nash Jones,8,Lincoln Middle,MS,2024-25,Ms. Torres,85,2,2,1.39,4,284,284,274,284,123,1.4,G3|G4|G5|G6|G7|G8,269|280|276|282|274|284,255|262|267|274|285|274
1065,Aiden Harris,4,Riverside Elementary,ES,2024-25,Mr. Pham,93.2,1,0,2.23,0,310,312,311,313,,3.4,G3|G4,300|310,309|311
1066,Kit Lane,9,Washington High,HS,2024-25,Ms. Johnson,95.9,0,0,3.44,0,318,321,313,314,168,3.3,G3|G4|G5|G6|G7|G8|G9,290|307|306|311|310|311|318,298|302|293|298|301|312|313
1067,Abel Owen,8,Lincoln Middle,MS,2024-25,Mr. Okafor,81.6,5,2,1.78,4,270,278,275,284,111,0.7,G3|G4|G5|G6|G7|G8,255|251|260|268|260|270,261|244|273|278|283|275
1068,Paloma Ramos,12,Washington High,HS,2024-25,Ms. Rivera,75.7,3,1,1.22,1,281,282,253,255,115,1.0,G3|G4|G5|G6|G7|G8|G9|G10|G11|G12,261|253|272|263|255|265|273|301|291|281,240|240|240|245|240|240|242|250|247|253
1069,Liam Nguyen,12,Washington High,HS,2024-25,Ms. Chen,94.5,0,0,3.78,0,336,336,326,324,173,4.3,G3|G4|G5|G6|G7|G8|G9|G10|G11|G12,318|315|332|317|323|321|330|337|338|336,310|312|307|312|314|306|318|307|325|326
1070,Echo Rojas,5,Riverside Elementary,ES,2024-25,Mr. Williams,92.8,0,0,3.47,0,323,324,326,326,175,4.2,G3|G4|G5,311|327|323,320|328|326
1071,Hope Turner,11,Washington High,HS,2024-25,Ms. Torres,80.0,5,1,1.06,2,270,284,278,279,125,0.6,G3|G4|G5|G6|G7|G8|G9|G10|G11,241|252|240|247|267|251|262|280|270,247|268|260|253|271|264|260|279|278
1072,Tatum Owen,4,Riverside Elementary,ES,2024-25,Mr. Pham,94.6,0,0,3.62,0,316,310,300,304,,3.7,G3|G4,303|316,293|300
1073,Nia Edwards,5,Riverside Elementary,ES,2024-25,Ms. Johnson,94.8,0,0,3.46,0,320,320,327,328,154,4.0,G3|G4|G5,311|314|320,319|332|327
1074,Isle Mason,5,Riverside Elementary,ES,2024-25,Mr. Okafor,75.3,3,2,1.32,3,271,281,252,258,108,1.6,G3|G4|G5,259|253|271,251|254|252
1075,Heath Nash,7,Lincoln Middle,MS,2024-25,Ms. Rivera,94.7,0,0,3.19,0,323,318,314,316,165,3.7,G3|G4|G5|G6|G7,315|312|321|329|323,299|303|317|310|314
1076,Belen Medina,5,Riverside Elementary,ES,2024-25,Ms. Chen,73.0,1,3,1.18,2,255,265,279,284,121,1.99,G3|G4|G5,246|255|255,264|280|279
1077,Lake Green,12,Washington High,HS,2024-25,Mr. Williams,97.9,0,0,3.99,0,311,308,323,326,165,4.4,G3|G4|G5|G6|G7|G8|G9|G10|G11|G12,285|271|299|282|296|306|305|310|306|311,308|299|310|310|319|316|323|312|318|323
1078,Zuri Uribe,6,Lincoln Middle,MS,2024-25,Ms. Torres,77.1,2,1,1.99,3,271,279,240,246,107,0.8,G3|G4|G5|G6,249|268|269|271,240|240|240|240
1079,Gwen Dean,5,Riverside Elementary,ES,2024-25,Mr. Pham,99.4,0,0,3.39,0,310,306,320,320,160,3.8,G3|G4|G5,295|310|310,317|326|320
1080,Kayla Nguyen,12,Washington High,HS,2024-25,Ms. Johnson,96.6,0,0,2.0,1,316,316,310,309,150,3.6,G3|G4|G5|G6|G7|G8|G9|G10|G11|G12,279|295|297|277|307|301|303|326|308|316,286|282|286|283|284|292|307|307|301|310
1081,Sterling Zhang,4,Riverside Elementary,ES,2024-25,Mr. Okafor,97.5,0,0,3.11,0,325,328,325,328,,3.6,G3|G4,329|325,321|325
1082,Waverly Baker,7,Lincoln Middle,MS,2024-25,Ms. Rivera,98.2,0,0,3.62,0,323,320,327,330,162,3.9,G3|G4|G5|G6|G7,311|314|319|325|323,320|312|340|325|327
1083,Adele Ramos,8,Lincoln Middle,MS,2024-25,Ms. Chen,73.4,0,2,1.19,2,265,276,267,277,124,1.5,G3|G4|G5|G6|G7|G8,244|255|254|259|255|265,263|252|251|255|253|267
1084,Bruno Upton,4,Riverside Elementary,ES,2024-25,Mr. Williams,77.2,5,0,1.62,3,272,272,276,284,,1.99,G3|G4,270|272,269|276
1085,Theo Wade,6,Lincoln Middle,MS,2024-25,Ms. Torres,92.5,0,0,2.35,0,328,328,303,303,155,3.8,G3|G4|G5|G6,323|332|328|328,295|292|311|303
1086,Ulric Ramos,12,Washington High,HS,2024-25,Mr. Pham,93.0,0,0,3.45,0,307,305,336,332,158,4.2,G3|G4|G5|G6|G7|G8|G9|G10|G11|G12,285|289|281|288|297|299|309|301|302|307,307|291|308|321|305|323|332|335|327|336
1087,Beau Adams,9,Washington High,HS,2024-25,Ms. Johnson,96.1,0,0,3.23,0,297,297,330,323,165,3.8,G3|G4|G5|G6|G7|G8|G9,293|294|275|290|284|305|297,313|308|321|319|333|330|330
1088,Aiden Allen,7,Lincoln Middle,MS,2024-25,Mr. Okafor,94.6,0,0,2.35,0,320,321,305,305,158,3.7,G3|G4|G5|G6|G7,300|312|323|309|320,299|302|312|292|305
1089,Tobias Ayala,3,Riverside Elementary,ES,2024-25,Ms. Rivera,93.3,0,0,2.31,1,304,300,301,303,,,G3,304,301
1090,Kit Eaton,3,Riverside Elementary,ES,2024-25,Ms. Chen,77.8,4,0,1.09,4,257,261,271,279,,,G3,257,271
1091,Abel Park,5,Riverside Elementary,ES,2024-25,Mr. Williams,94.8,0,0,3.53,0,331,335,297,298,160,3.7,G3|G4|G5,337|330|331,292|288|297
1092,Boris Quinn,6,Lincoln Middle,MS,2024-25,Ms. Torres,94.7,1,0,3.79,0,328,331,300,303,162,3.6,G3|G4|G5|G6,316|332|325|328,283|288|289|300
1093,Hope Hayes,4,Riverside Elementary,ES,2024-25,Mr. Pham,98.2,0,0,3.56,0,297,297,315,316,,3.0,G3|G4,289|297,304|315
1094,Tara Hudson,10,Washington High,HS,2024-25,Ms. Johnson,97.7,0,0,3.6,0,301,300,333,336,172,4.0,G3|G4|G5|G6|G7|G8|G9|G10,287|284|281|302|293|280|305|301,307|321|313|305|330|321|330|333
1095,Brock Xiao,11,Washington High,HS,2024-25,Mr. Okafor,96.0,1,0,3.05,0,320,320,297,297,172,4.0,G3|G4|G5|G6|G7|G8|G9|G10|G11,290|300|310|311|310|310|311|313|320,288|277|286|275|285|294|289|288|297
1096,Isla Xiong,6,Lincoln Middle,MS,2024-25,Ms. Rivera,96.6,0,0,3.58,0,307,307,310,305,159,3.5,G3|G4|G5|G6,292|293|308|307,306|306|310|310
1097,Nash Lane,4,Riverside Elementary,ES,2024-25,Ms. Chen,67.9,3,1,1.92,3,265,268,247,260,,1.2,G3|G4,278|265,251|247
1098,Jules Price,5,Riverside Elementary,ES,2024-25,Mr. Williams,94.3,1,0,3.94,0,302,298,313,314,167,4.2,G3|G4|G5,296|292|302,304|319|313
1099,Oscar Kim,8,Lincoln Middle,MS,2024-25,Ms. Torres,85,1,0,1.4,1,258,271,271,284,113,1.3,G3|G4|G5|G6|G7|G8,244|255|250|259|261|258,260|252|263|255|275|271
1100,Cove Todd,5,Riverside Elementary,ES,2024-25,Mr. Pham,95.7,0,0,3.32,0,301,305,315,318,161,3.0,G3|G4|G5,283|274|301,325|307|315
1101,Quinn Fisher,5,Riverside Elementary,ES,2024-25,Ms. Johnson,77.1,5,2,1.51,2,284,284,252,253,118,1.3,G3|G4|G5,275|288|284,245|244|252
1102,Nash Lewis,8,Lincoln Middle,MS,2024-25,Mr. Okafor,94.3,0,0,3.28,0,320,320,319,316,157,3.7,G3|G4|G5|G6|G7|G8,304|314|308|310|313|320,300|285|306|305|332|319
1103,Vince Yang,3,Riverside Elementary,ES,2024-25,Ms. Rivera,95.5,1,0,2.26,1,332,336,310,310,,,G3,332,310
1104,Isla Carroll,4,Riverside Elementary,ES,2024-25,Ms. Chen,96.6,0,0,3.5,0,331,334,331,335,,3.4,G3|G4,327|331,318|331
1105,Conrad West,11,Washington High,HS,2024-25,Mr. Williams,84.6,5,0,1.57,3,255,262,279,284,127,1.7,G3|G4|G5|G6|G7|G8|G9|G10|G11,240|240|240|249|240|250|261|248|255,248|266|256|253|260|282|280|276|279
1106,Esme Nelson,5,Riverside Elementary,ES,2024-25,Ms. Torres,95.6,0,0,2.5,0,316,317,308,307,156,3.5,G3|G4|G5,306|317|316,315|316|308
1107,Isle Park,10,Washington High,HS,2024-25,Mr. Pham,93.6,0,0,3.5,0,308,309,320,320,158,4.2,G3|G4|G5|G6|G7|G8|G9|G10,298|296|298|312|303|297|313|308,301|307|311|307|297|310|312|320
1108,Paloma Lane,11,Washington High,HS,2024-25,Ms. Johnson,98.4,0,0,2.94,0,312,310,326,330,164,4.0,G3|G4|G5|G6|G7|G8|G9|G10|G11,296|290|304|303|302|300|297|301|312,303|306|308|311|317|323|315|321|326
1109,Gabe West,5,Riverside Elementary,ES,2024-25,Mr. Okafor,99.8,0,0,3.43,0,298,302,312,315,161,3.8,G3|G4|G5,283|297|298,291|313|312
1110,Gina Ibrahim,6,Lincoln Middle,MS,2024-25,Ms. Rivera,96.0,0,0,3.46,0,312,315,319,320,169,3.8,G3|G4|G5|G6,318|308|304|312,308|320|312|319
1111,Sage Park,5,Riverside Elementary,ES,2024-25,Ms. Chen,83.3,2,0,1.32,3,262,266,281,283,107,1.5,G3|G4|G5,252|268|262,276|259|281
1112,Ulyana Lewis,3,Riverside Elementary,ES,2024-25,Mr. Williams,96.4,0,0,3.86,0,310,311,308,307,,,G3,310,308
1113,Maya Wade,9,Washington High,HS,2024-25,Ms. Torres,92.8,0,0,2.23,1,318,321,311,311,165,3.2,G3|G4|G5|G6|G7|G8|G9,291|285|308|315|314|320|318,294|284|298|304|310|311|311
1114,Evan Harris,7,Lincoln Middle,MS,2024-25,Mr. Pham,75.1,1,1,1.62,3,248,254,277,284,109,1.4,G3|G4|G5|G6|G7,240|240|240|255|248,272|266|278|268|277
1115,Wesley Nguyen,10,Washington High,HS,2024-25,Ms. Johnson,96.2,0,0,2.74,0,320,323,329,329,164,3.6,G3|G4|G5|G6|G7|G8|G9|G10,296|310|299|302|321|300|321|320,308|308|304|322|315|309|338|329
1116,William Lee,10,Washington High,HS,2024-25,Mr. Okafor,93.0,0,0,2.3,1,305,307,306,307,162,3.0,G3|G4|G5|G6|G7|G8|G9|G10,290|285|295|300|298|296|311|305,280|283|284|302|292|292|307|306
1117,Mace Moore,3,Riverside Elementary,ES,2024-25,Ms. Rivera,94.1,0,0,2.72,0,297,301,326,326,,,G3,297,326
1118,Yule Knox,6,Lincoln Middle,MS,2024-25,Ms. Chen,99.4,0,0,4.0,0,328,332,326,328,150,4.0,G3|G4|G5|G6,316|304|325|328,316|311|318|326
1119,Echo Ellis,8,Lincoln Middle,MS,2024-25,Mr. Williams,84.6,3,3,1.58,3,270,276,256,267,122,1.6,G3|G4|G5|G6|G7|G8,264|257|265|276|262|270,240|255|245|240|266|256
1120,Isle Underwood,9,Washington High,HS,2024-25,Ms. Torres,95.9,0,0,2.92,0,316,318,308,308,162,3.5,G3|G4|G5|G6|G7|G8|G9,301|302|302|301|309|318|316,279|297|306|286|313|317|308
1121,Echo Carroll,11,Washington High,HS,2024-25,Mr. Pham,95.3,0,0,2.06,1,326,329,323,327,153,3.4,G3|G4|G5|G6|G7|G8|G9|G10|G11,312|305|297|324|305|321|321|319|326,307|302|314|314|308|312|318|309|323
1122,Finn Evans,10,Washington High,HS,2024-25,Ms. Johnson,97.8,0,0,3.11,0,331,332,317,315,173,4.2,G3|G4|G5|G6|G7|G8|G9|G10,301|312|321|308|325|328|325|331,291|297|295|317|296|305|326|317
1123,Brianna Ortiz,10,Washington High,HS,2024-25,Mr. Okafor,98.3,1,0,3.92,0,302,306,316,318,175,4.4,G3|G4|G5|G6|G7|G8|G9|G10,289|286|286|285|296|295|284|302,299|307|295|288|298|309|305|316
1124,Portia Adams,12,Washington High,HS,2024-25,Ms. Rivera,93.1,0,0,4.0,0,305,303,310,310,158,3.7,G3|G4|G5|G6|G7|G8|G9|G10|G11|G12,282|289|284|288|297|296|301|296|311|305,291|282|296|296|292|294|313|294|318|310
1125,Sterling Soto,7,Lincoln Middle,MS,2024-25,Ms. Chen,63.2,3,1,1.76,3,269,277,273,281,118,1.99,G3|G4|G5|G6|G7,248|258|263|267|269,250|264|273|265|273
1126,Isolde Xiao,10,Washington High,HS,2024-25,Mr. Williams,76.6,0,0,1.47,1,276,279,271,276,107,1.1,G3|G4|G5|G6|G7|G8|G9|G10,256|260|250|273|256|272|269|276,240|240|247|267|264|254|265|271
1127,Theo Miller,11,Washington High,HS,2024-25,Ms. Torres,96.5,1,0,4.0,0,297,297,307,309,173,3.6,G3|G4|G5|G6|G7|G8|G9|G10|G11,279|276|281|284|285|290|288|299|297,272|275|284|287|311|297|285|304|307
1128,Ula Norris,6,Lincoln Middle,MS,2024-25,Mr. Pham,96.7,0,0,3.32,0,306,308,317,320,158,3.7,G3|G4|G5|G6,285|305|298|306,305|316|320|317
1129,Jax Cruz,5,Riverside Elementary,ES,2024-25,Ms. Johnson,78.5,3,2,1.93,3,261,268,265,268,117,1.5,G3|G4|G5,246|241|261,254|265|265
1130,Rachel Castro,11,Washington High,HS,2024-25,Mr. Okafor,91.1,1,0,2.13,0,312,309,316,317,162,3.4,G3|G4|G5|G6|G7|G8|G9|G10|G11,294|288|305|309|307|298|303|307|312,288|293|290|292|295|313|301|325|316
1131,Zed Yates,11,Washington High,HS,2024-25,Ms. Rivera,99.9,1,0,3.37,0,315,315,308,304,150,3.8,G3|G4|G5|G6|G7|G8|G9|G10|G11,297|288|308|306|309|298|319|307|315,284|284|295|296|294|305|301|303|308
1132,Yasmin Adams,9,Washington High,HS,2024-25,Ms. Chen,75.4,1,0,1.49,2,259,265,250,254,129,1.5,G3|G4|G5|G6|G7|G8|G9,252|243|249|252|246|256|259,240|240|253|253|240|249|250
1133,Winter Lopez,3,Riverside Elementary,ES,2024-25,Mr. Williams,93.2,0,0,2.38,0,317,316,299,301,,,G3,317,299
1134,Esme Medina,8,Lincoln Middle,MS,2024-25,Ms. Torres,68.9,5,0,0.95,4,276,280,253,269,114,1.9,G3|G4|G5|G6|G7|G8,270|262|271|264|271|276,240|240|248|252|252|253
1135,Felix Lane,6,Lincoln Middle,MS,2024-25,Mr. Pham,96.9,1,0,2.5,0,305,306,304,308,162,3.4,G3|G4|G5|G6,294|287|308|305,296|291|318|304
1136,Heath Ayala,4,Riverside Elementary,ES,2024-25,Ms. Johnson,93.7,0,0,3.24,0,319,319,317,319,,3.2,G3|G4,325|319,306|317
1137,Moss Xiong,11,Washington High,HS,2024-25,Mr. Okafor,91.3,1,0,3.33,0,305,305,304,302,150,4.0,G3|G4|G5|G6|G7|G8|G9|G10|G11,273|300|289|280|296|292|296|303|305,289|286|303|294|295|308|293|293|304
1138,Hugo Edwards,5,Riverside Elementary,ES,2024-25,Ms. Rivera,73.1,3,1,1.68,2,260,270,284,284,123,1.4,G3|G4|G5,252|262|260,276|278|284
1139,Jax Diaz,6,Lincoln Middle,MS,2024-25,Ms. Chen,100,0,0,3.6,0,331,334,331,334,160,4.6,G3|G4|G5|G6,324|330|322|331,314|335|327|331
1140,Cedar Allen,11,Washington High,HS,2024-25,Mr. Williams,78.1,4,0,1.63,1,282,284,271,274,129,1.3,G3|G4|G5|G6|G7|G8|G9|G10|G11,256|243|269|268|278|267|269|274|282,242|264|251|258|259|258|272|252|271
1141,Zion Hayes,6,Lincoln Middle,MS,2024-25,Ms. Torres,95.2,0,0,3.07,0,325,321,328,332,154,3.8,G3|G4|G5|G6,321|320|314|325,312|310|327|328
1142,Sky Okafor,8,Lincoln Middle,MS,2024-25,Mr. Pham,95.7,0,0,3.33,0,317,317,334,338,152,3.1,G3|G4|G5|G6|G7|G8,304|309|306|303|315|317,338|324|336|324|329|334
1143,Liam Lee,11,Washington High,HS,2024-25,Ms. Johnson,67.5,3,1,1.57,2,263,268,258,271,115,1.9,G3|G4|G5|G6|G7|G8|G9|G10|G11,240|247|240|259|266|251|260|252|263,240|240|244|241|257|253|254|244|258
1144,Brianna Underwood,4,Riverside Elementary,ES,2024-25,Mr. Okafor,76.5,0,3,1.99,2,268,275,242,244,,1.5,G3|G4,258|268,240|242
1145,Derek Dunn,5,Riverside Elementary,ES,2024-25,Ms. Rivera,93.7,1,0,2.28,0,297,300,325,328,154,3.2,G3|G4|G5,291|299|297,310|316|325
1146,Zara Carroll,11,Washington High,HS,2024-25,Ms. Chen,96.9,0,0,2.18,1,317,316,317,317,156,3.6,G3|G4|G5|G6|G7|G8|G9|G10|G11,301|309|292|291|310|298|313|317|317,294|295|302|298|311|315|296|327|317
1147,Jaden Diaz,7,Lincoln Middle,MS,2024-25,Mr. Williams,93.3,0,0,2.2,1,314,312,301,305,166,3.7,G3|G4|G5|G6|G7,285|301|311|312|314,292|290|294|303|301
1148,Lars Bishop,10,Washington High,HS,2024-25,Ms. Torres,68.5,1,1,1.75,4,261,267,272,284,117,1.3,G3|G4|G5|G6|G7|G8|G9|G10,240|240|259|261|248|249|258|261,249|258|258|250|272|268|273|272
1149,Kenji Cruz,5,Riverside Elementary,ES,2024-25,Mr. Pham,93.6,0,0,2.0,1,305,305,313,313,151,3.4,G3|G4|G5,311|304|305,302|304|313
1150,Kenji Rojas,4,Riverside Elementary,ES,2024-25,Ms. Johnson,79.2,3,0,1.27,2,267,280,280,284,,0.8,G3|G4,259|267,273|280
1151,Esme Zhang,6,Lincoln Middle,MS,2024-25,Mr. Okafor,67.4,2,0,1.56,4,263,271,264,273,104,0.6,G3|G4|G5|G6,254|261|254|263,255|259|256|264
1152,Yara Knox,10,Washington High,HS,2024-25,Ms. Rivera,80.2,5,3,1.14,2,273,282,270,279,129,1.99,G3|G4|G5|G6|G7|G8|G9|G10,250|262|257|273|264|267|270|273,241|258|259|258|258|253|275|270
1153,Jade Green,11,Washington High,HS,2024-25,Ms. Chen,94.1,0,0,2.19,1,317,318,308,308,166,3.5,G3|G4|G5|G6|G7|G8|G9|G10|G11,298|294|291|312|311|316|307|299|317,287|282|301|300|303|289|312|308|308
1154,Xena Garcia,4,Riverside Elementary,ES,2024-25,Mr. Williams,94.3,0,0,3.59,0,301,303,297,300,,4.0,G3|G4,287|301,298|297
1155,Isolde Chen,7,Lincoln Middle,MS,2024-25,Ms. Torres,99.9,0,0,3.71,0,297,297,313,317,166,4.0,G3|G4|G5|G6|G7,278|291|290|315|297,296|305|304|300|313
1156,Vale Baker,6,Lincoln Middle,MS,2024-25,Mr. Pham,98.9,0,0,3.49,0,320,323,307,310,157,4.3,G3|G4|G5|G6,330|321|309|320,292|296|294|307
1157,Ursula Norris,5,Riverside Elementary,ES,2024-25,Ms. Johnson,92.8,0,0,3.15,0,306,309,314,318,150,4.0,G3|G4|G5,296|312|306,316|305|314
1158,Abel Ellis,4,Riverside Elementary,ES,2024-25,Mr. Okafor,96.7,1,0,3.35,0,316,316,334,332,,4.6,G3|G4,321|316,316|334
1159,Hannah Brown,4,Riverside Elementary,ES,2024-25,Ms. Rivera,70.5,4,2,1.53,2,284,284,248,254,,1.0,G3|G4,270|284,240|248
1160,Warren Simmons,10,Washington High,HS,2024-25,Ms. Chen,96.8,0,0,3.39,0,330,330,327,326,150,3.4,G3|G4|G5|G6|G7|G8|G9|G10,317|314|311|321|313|317|333|330,303|326|333|306|320|305|317|327
1161,Nathan Ibarra,10,Washington High,HS,2024-25,Mr. Williams,79.7,2,1,1.15,3,263,269,243,253,104,0.6,G3|G4|G5|G6|G7|G8|G9|G10,240|255|247|247|251|256|254|263,240|240|248|241|240|240|240|243
1162,Yosef Xiong,5,Riverside Elementary,ES,2024-25,Ms. Torres,93.9,0,0,2.05,0,301,301,312,313,159,3.2,G3|G4|G5,288|306|301,298|302|312
1163,Ula Xiao,6,Lincoln Middle,MS,2024-25,Mr. Pham,91.1,0,0,3.33,0,318,320,317,319,165,3.8,G3|G4|G5|G6,306|317|319|318,309|300|307|317
1164,Emilia Cruz,10,Washington High,HS,2024-25,Ms. Johnson,95.2,1,0,2.12,0,320,320,315,319,159,3.9,G3|G4|G5|G6|G7|G8|G9|G10,307|306|313|307|311|298|313|320,297|293|289|303|303|307|307|315
1165,Tanya Yates,3,Riverside Elementary,ES,2024-25,Mr. Okafor,92.4,0,0,3.46,0,315,319,320,322,,,G3,315,320
1166,Sofia Jensen,6,Lincoln Middle,MS,2024-25,Ms. Rivera,96.4,0,0,4.0,0,313,315,322,320,161,4.0,G3|G4|G5|G6,296|308|326|313,310|326|306|322
1167,Theo Simmons,3,Riverside Elementary,ES,2024-25,Ms. Chen,95.8,1,0,3.23,0,321,319,300,297,,,G3,321,300
1168,Nico Garcia,4,Riverside Elementary,ES,2024-25,Mr. Williams,96.3,1,0,2.55,0,340,340,326,325,,3.7,G3|G4,321|340,317|326
1169,Greta Lee,4,Riverside Elementary,ES,2024-25,Ms. Torres,73.6,5,0,1.65,1,254,260,261,264,,0.9,G3|G4,258|254,262|261
1170,Luna Kaur,6,Lincoln Middle,MS,2024-25,Mr. Pham,93.0,1,0,2.22,0,316,317,328,328,158,3.7,G3|G4|G5|G6,293|297|306|316,330|320|338|328
1171,Derek Ingram,5,Riverside Elementary,ES,2024-25,Ms. Johnson,98.2,0,0,3.53,0,297,300,298,300,169,4.2,G3|G4|G5,282|299|297,296|302|298
1172,Ever Medina,3,Riverside Elementary,ES,2024-25,Mr. Okafor,94.5,0,0,2.46,0,321,324,311,314,,,G3,321,311
1173,Celeste Mason,10,Washington High,HS,2024-25,Ms. Rivera,99.5,0,0,3.58,0,310,309,323,326,158,3.1,G3|G4|G5|G6|G7|G8|G9|G10,283|289|299|292|300|304|314|310,296|299|308|310|303|308|327|323
1174,Yale Obrien,4,Riverside Elementary,ES,2024-25,Ms. Chen,96.2,0,0,2.93,0,313,314,323,323,,3.9,G3|G4,324|313,313|323
1175,Tatum Foster,3,Riverside Elementary,ES,2024-25,Mr. Williams,75.7,3,1,1.07,4,281,284,266,274,,,G3,281,266
1176,Yusuf Ford,6,Lincoln Middle,MS,2024-25,Ms. Torres,95.0,1,0,3.4,0,325,321,326,327,160,3.6,G3|G4|G5|G6,324|323|320|325,319|319|332|326
1177,Vince Allen,7,Lincoln Middle,MS,2024-25,Mr. Pham,97.0,0,0,3.11,0,315,319,326,328,153,4.2,G3|G4|G5|G6|G7,309|314|298|296|315,320|307|316|328|326
1178,Conrad Vargas,8,Lincoln Middle,MS,2024-25,Ms. Johnson,93.7,0,0,2.13,0,307,307,311,311,152,3.3,G3|G4|G5|G6|G7|G8,290|295|278|311|312|307,301|294|317|294|328|311
1179,Xena Baker,7,Lincoln Middle,MS,2024-25,Mr. Okafor,96.1,0,0,4.0,0,319,322,320,319,164,3.9,G3|G4|G5|G6|G7,309|306|321|320|319,306|297|328|325|320
1180,Ruben Carroll,10,Washington High,HS,2024-25,Ms. Rivera,95.0,0,0,3.25,0,313,309,313,316,166,3.7,G3|G4|G5|G6|G7|G8|G9|G10,301|309|299|294|294|310|305|313,291|288|290|306|307|309|308|313
1181,Heath Knox,3,Riverside Elementary,ES,2024-25,Ms. Chen,93.5,0,0,2.21,1,301,303,304,307,,,G3,301,304
1182,Gage Young,12,Washington High,HS,2024-25,Mr. Williams,95.1,0,0,3.33,0,317,318,313,313,155,3.8,G3|G4|G5|G6|G7|G8|G9|G10|G11|G12,294|288|298|307|307|301|315|294|311|317,287|289|288|299|302|288|303|312|322|313
1183,Petra Evans,4,Riverside Elementary,ES,2024-25,Ms. Torres,92.1,0,0,2.01,0,317,315,308,308,,3.6,G3|G4,309|317,313|308
1184,Winter Okafor,5,Riverside Elementary,ES,2024-25,Mr. Pham,84.7,1,2,1.22,2,263,272,261,271,121,1.4,G3|G4|G5,252|248|263,243|254|261
1185,Pax Yang,8,Lincoln Middle,MS,2024-25,Ms. Johnson,73.5,0,1,1.76,1,281,284,264,273,119,1.3,G3|G4|G5|G6|G7|G8,265|260|262|272|283|281,244|240|247|250|261|264
1186,Damien Edwards,8,Lincoln Middle,MS,2024-25,Mr. Okafor,97.6,0,0,3.77,0,297,299,314,314,157,3.8,G3|G4|G5|G6|G7|G8,283|291|286|281|293|297,292|284|305|302|308|314
1187,Paxton Young,8,Lincoln Middle,MS,2024-25,Ms. Rivera,92.8,0,0,2.34,1,315,316,311,310,158,3.8,G3|G4|G5|G6|G7|G8,292|297|308|295|303|315,300|302|299|301|307|311
1188,Tamsin Park,5,Riverside Elementary,ES,2024-25,Ms. Chen,97.8,0,0,3.07,0,335,338,309,308,157,3.3,G3|G4|G5,319|337|335,296|307|309
1189,Bianca Baker,11,Washington High,HS,2024-25,Mr. Williams,95.1,0,0,3.28,0,333,333,297,301,161,3.6,G3|G4|G5|G6|G7|G8|G9|G10|G11,308|303|309|308|322|319|325|334|333,287|273|279|276|287|285|283|281|297
1190,Oscar Wade,12,Washington High,HS,2024-25,Ms. Torres,73.9,4,1,1.4,3,284,284,284,284,124,1.4,G3|G4|G5|G6|G7|G8|G9|G10|G11|G12,257|259|276|270|279|280|285|283|272|284,245|269|255|251|268|272|288|291|285|284
1191,Bruno Hudson,6,Lincoln Middle,MS,2024-25,Mr. Pham,96.5,1,0,2.17,0,311,310,307,308,159,3.8,G3|G4|G5|G6,312|293|303|311,295|307|305|307
1192,Ingrid Norris,7,Lincoln Middle,MS,2024-25,Ms. Johnson,94.8,1,0,4.0,0,318,316,347,343,161,3.2,G3|G4|G5|G6|G7,310|304|329|317|318,323|331|343|342|347
1193,Vivian Upton,3,Riverside Elementary,ES,2024-25,Mr. Okafor,78.5,0,2,1.99,2,250,257,265,278,,,G3,250,265
1194,Hector Irwin,8,Lincoln Middle,MS,2024-25,Ms. Rivera,100,0,0,3.0,0,315,318,311,312,162,3.8,G3|G4|G5|G6|G7|G8,298|312|300|310|322|315,291|291|292|316|300|311
1195,Remy Underwood,4,Riverside Elementary,ES,2024-25,Ms. Chen,96.5,1,0,3.74,0,303,307,297,301,,3.0,G3|G4,299|303,292|297
1196,Brianna Owen,7,Lincoln Middle,MS,2024-25,Mr. Williams,79.0,5,1,1.24,4,261,267,270,271,126,0.5,G3|G4|G5|G6|G7,240|252|263|253|261,242|251|267|283|270
1197,Liam White,12,Washington High,HS,2024-25,Ms. Torres,96.8,0,0,3.44,0,327,327,347,348,153,3.0,G3|G4|G5|G6|G7|G8|G9|G10|G11|G12,313|293|306|295|317|312|310|312|314|327,309|323|318|326|335|327|348|341|332|347
1198,Silas Zimmerman,8,Lincoln Middle,MS,2024-25,Mr. Pham,76.2,4,1,0.86,2,265,273,255,260,120,1.8,G3|G4|G5|G6|G7|G8,248|269|258|261|256|265,247|250|250|240|251|255
1199,Xander Taylor,5,Riverside Elementary,ES,2024-25,Ms. Johnson,97.9,0,0,3.62,0,326,329,318,322,163,4.1,G3|G4|G5,315|319|326,302|322|318
1200,Luna Ford,9,Washington High,HS,2024-25,Mr. Okafor,95.4,0,0,3.17,0,323,323,317,317,161,3.2,G3|G4|G5|G6|G7|G8|G9,309|311|308|315|326|316|323,312|304|302|316|304|307|317
1201,Isolde Edwards,12,Washington High,HS,2024-25,Ms. Rivera,95.1,0,0,2.26,0,333,334,297,298,156,3.3,G3|G4|G5|G6|G7|G8|G9|G10|G11|G12,308|305|308|316|310|329|329|325|319|333,269|272|267|272|277|283|288|288|288|297
1202,Surf Clark,3,Riverside Elementary,ES,2024-25,Ms. Chen,97.3,0,0,3.82,0,309,311,309,312,,,G3,309,309
1203,Gabe Allen,9,Washington High,HS,2024-25,Mr. Williams,78.4,5,0,1.49,4,275,280,262,266,100,1.99,G3|G4|G5|G6|G7|G8|G9,251|273|267|260|269|271|275,243|258|243|244|269|273|262
1204,Fatima Taylor,3,Riverside Elementary,ES,2024-25,Ms. Torres,79.4,3,1,1.88,1,276,277,270,283,,,G3,276,270
1205,Xander Jackson,11,Washington High,HS,2024-25,Mr. Pham,96.5,0,0,3.41,0,309,309,311,313,159,4.3,G3|G4|G5|G6|G7|G8|G9|G10|G11,288|286|289|287|291|307|300|301|309,284|288|274|294|299|302|327|302|311
1206,Dante Xiong,4,Riverside Elementary,ES,2024-25,Ms. Johnson,98.8,1,0,3.82,0,313,315,310,308,,3.8,G3|G4,295|313,303|310
1207,Xiomara Zhang,3,Riverside Elementary,ES,2024-25,Mr. Okafor,93.0,1,0,2.14,0,313,314,314,316,,,G3,313,314
1208,Tatum Young,3,Riverside Elementary,ES,2024-25,Ms. Rivera,77.3,0,3,1.49,1,271,271,269,269,,,G3,271,269
1209,Zelda Ortiz,8,Lincoln Middle,MS,2024-25,Ms. Chen,93.6,0,0,2.11,0,318,321,328,329,154,3.1,G3|G4|G5|G6|G7|G8,298|299|307|297|314|318,316|325|301|306|327|328
1210,Xiomara Yu,12,Washington High,HS,2024-25,Mr. Williams,71.5,3,1,1.08,2,253,257,262,273,110,1.4,G3|G4|G5|G6|G7|G8|G9|G10|G11|G12,240|242|240|240|240|240|244|245|247|253,240|253|240|250|246|240|253|261|255|262
1211,Isla Ibrahim,4,Riverside Elementary,ES,2024-25,Ms. Torres,95.7,1,0,3.61,0,318,315,326,326,,3.6,G3|G4,315|318,321|326
1212,Cove Hall,8,Lincoln Middle,MS,2024-25,Mr. Pham,92.1,0,0,2.21,1,324,324,317,316,171,3.6,G3|G4|G5|G6|G7|G8,320|305|310|309|323|324,297|317|307|304|326|317
1213,Hector Nguyen,11,Washington High,HS,2024-25,Ms. Johnson,80.0,4,0,1.22,1,271,276,254,263,121,1.3,G3|G4|G5|G6|G7|G8|G9|G10|G11,254|256|259|253|268|251|273|260|271,240|240|240|240|240|247|245|257|254
1214,Valentina Wade,6,Lincoln Middle,MS,2024-25,Mr. Okafor,99.7,0,0,2.09,0,299,303,308,312,150,3.8,G3|G4|G5|G6,305|277|292|299,302|300|314|308
1215,Kenji Zhang,4,Riverside Elementary,ES,2024-25,Ms. Rivera,74.6,5,0,1.31,1,268,281,284,284,,1.6,G3|G4,265|268,287|284
1216,Mace Gomez,5,Riverside Elementary,ES,2024-25,Ms. Chen,95.0,1,0,2.17,1,332,332,297,301,159,3.1,G3|G4|G5,326|320|332,284|282|297
1217,Andre Davis,3,Riverside Elementary,ES,2024-25,Mr. Williams,93.6,1,0,3.48,0,301,302,316,319,,,G3,301,316
1218,Dorian Yu,9,Washington High,HS,2024-25,Ms. Torres,75.4,2,0,1.68,1,272,284,272,273,127,1.3,G3|G4|G5|G6|G7|G8|G9,254|261|256|276|255|283|272,240|259|242|258|274|275|272
1219,Blake Jackson,3,Riverside Elementary,ES,2024-25,Mr. Pham,83.5,3,0,1.43,2,270,277,270,278,,,G3,270,270
1220,Vera Lee,3,Riverside Elementary,ES,2024-25,Ms. Johnson,96.6,0,0,3.1,0,299,300,298,297,,,G3,299,298
1221,Vega Uribe,3,Riverside Elementary,ES,2024-25,Mr. Okafor,90.9,0,0,2.0,0,312,310,303,302,,,G3,312,303
1222,Selena Simmons,10,Washington High,HS,2024-25,Ms. Rivera,79.1,1,1,1.84,1,262,276,258,265,114,1.99,G3|G4|G5|G6|G7|G8|G9|G10,240|240|251|251|252|255|254|262,240|243|240|240|252|257|255|258
1223,Vera Zhang,9,Washington High,HS,2024-25,Ms. Chen,79.4,3,3,1.99,2,267,273,283,284,119,1.8,G3|G4|G5|G6|G7|G8|G9,253|262|260|253|277|258|267,256|274|272|273|295|289|283
1224,Oak Soto,10,Washington High,HS,2024-25,Mr. Williams,97.0,0,0,3.72,0,318,313,297,301,158,3.3,G3|G4|G5|G6|G7|G8|G9|G10,298|306|301|289|313|329|324|318,271|274|294|290|285|290|291|297
1225,Wren Ramos,3,Riverside Elementary,ES,2024-25,Ms. Torres,98.8,1,0,3.09,0,315,313,300,300,,,G3,315,300
1226,Ula Ramos,9,Washington High,HS,2024-25,Mr. Pham,95.6,0,0,2.0,0,297,298,304,305,154,3.7,G3|G4|G5|G6|G7|G8|G9,282|280|279|290|298|281|297,293|294|288|297|317|295|304
1227,Iris West,12,Washington High,HS,2024-25,Ms. Johnson,90,1,0,2.2,1,313,314,304,307,163,3.6,G3|G4|G5|G6|G7|G8|G9|G10|G11|G12,278|293|300|288|302|314|314|309|298|313,277|273|286|279|295|290|296|299|309|304
1228,Isla Zimmerman,6,Lincoln Middle,MS,2024-25,Mr. Okafor,94.1,0,0,3.17,0,335,333,324,328,153,3.7,G3|G4|G5|G6,315|338|332|335,306|311|322|324
1229,Jax Wade,9,Washington High,HS,2024-25,Ms. Rivera,97.8,0,0,3.4,0,336,329,304,305,154,3.4,G3|G4|G5|G6|G7|G8|G9,299|320|328|328|326|332|336,283|306|273|286|296|293|304
1230,Vera Rivera,3,Riverside Elementary,ES,2024-25,Ms. Chen,96.9,1,0,2.23,1,331,327,314,315,,,G3,331,314
1231,Tide Lane,7,Lincoln Middle,MS,2024-25,Mr. Williams,79.6,5,2,1.99,1,269,275,284,284,119,1.1,G3|G4|G5|G6|G7,253|266|269|267|269,268|280|272|284|284
1232,Jett Valdez,12,Washington High,HS,2024-25,Ms. Torres,75.3,0,1,1.68,1,261,271,255,267,117,1.4,G3|G4|G5|G6|G7|G8|G9|G10|G11|G12,241|240|240|244|240|249|244|258|260|261,240|243|240|246|240|247|240|258|255|255
1233,Marcus King,8,Lincoln Middle,MS,2024-25,Mr. Pham,96.0,0,0,3.14,0,319,314,315,316,174,3.7,G3|G4|G5|G6|G7|G8,319|309|307|330|300|319,298|295|309|316|293|315
1234,Onyx Obrien,11,Washington High,HS,2024-25,Ms. Johnson,82.1,3,0,1.52,3,268,270,263,274,125,1.3,G3|G4|G5|G6|G7|G8|G9|G10|G11,240|249|246|256|264|260|262|254|268,240|240|256|258|241|256|248|265|263
1235,Xiomara Hall,3,Riverside Elementary,ES,2024-25,Mr. Okafor,93.6,0,0,3.67,0,306,308,300,300,,,G3,306,300
1236,Mace Jackson,3,Riverside Elementary,ES,2024-25,Ms. Rivera,96.8,0,0,3.69,0,314,314,322,325,,,G3,314,322
1237,Ingrid Mason,5,Riverside Elementary,ES,2024-25,Ms. Chen,94.0,1,0,2.16,1,314,316,313,313,157,3.4,G3|G4|G5,302|331|314,311|319|313
1238,Genesis Ayala,4,Riverside Elementary,ES,2024-25,Mr. Williams,92.5,0,0,2.39,1,304,305,312,312,,3.5,G3|G4,308|304,314|312
1239,Freya Yang,10,Washington High,HS,2024-25,Ms. Torres,100,0,0,3.18,0,318,321,321,321,172,3.7,G3|G4|G5|G6|G7|G8|G9|G10,286|305|319|295|308|306|314|318,313|302|306|306|293|316|300|321
1240,Pax Upton,10,Washington High,HS,2024-25,Mr. Pham,80.6,4,1,1.74,2,284,284,258,262,123,1.4,G3|G4|G5|G6|G7|G8|G9|G10,266|262|282|276|273|278|289|284,245|240|249|256|247|252|269|258
1241,Leo West,12,Washington High,HS,2024-25,Ms. Johnson,93.4,0,0,2.18,0,320,323,318,317,154,3.8,G3|G4|G5|G6|G7|G8|G9|G10|G11|G12,282|288|291|286|303|299|316|307|305|320,289|282|289|291|302|299|289|318|318|318
1242,Damien Norris,6,Lincoln Middle,MS,2024-25,Mr. Okafor,76.8,1,0,1.09,4,276,284,262,264,125,1.9,G3|G4|G5|G6,258|265|272|276,251|245|259|262
1243,Pierce Underwood,10,Washington High,HS,2024-25,Ms. Rivera,62.2,4,1,1.6,2,279,284,264,273,129,1.0,G3|G4|G5|G6|G7|G8|G9|G10,261|247|269|251|275|271|274|279,255|240|249|248|244|252|255|264
1244,Grace Park,10,Washington High,HS,2024-25,Ms. Chen,72.8,3,0,1.02,2,254,263,279,284,109,1.8,G3|G4|G5|G6|G7|G8|G9|G10,240|240|251|240|251|254|251|254,274|249|256|280|262|290|276|279
1245,Xena Simmons,8,Lincoln Middle,MS,2024-25,Mr. Williams,94.1,0,0,3.34,0,305,309,320,323,160,4.5,G3|G4|G5|G6|G7|G8,289|295|296|312|320|305,297|305|307|310|309|320
1246,Damien Rojas,9,Washington High,HS,2024-25,Ms. Torres,95.0,0,0,2.93,0,313,317,306,306,174,3.9,G3|G4|G5|G6|G7|G8|G9,291|302|311|322|308|314|313,288|286|298|289|297|292|306
1247,Sage White,12,Washington High,HS,2024-25,Mr. Pham,99.3,0,0,2.78,0,305,308,311,314,150,3.9,G3|G4|G5|G6|G7|G8|G9|G10|G11|G12,285|279|285|276|297|297|296|316|305|305,278|285|287|289|288|302|308|308|292|311
1248,Hamid Vega,3,Riverside Elementary,ES,2024-25,Ms. Johnson,78.3,2,1,1.99,2,269,272,274,284,,,G3,269,274
1249,Glen Soto,4,Riverside Elementary,ES,2024-25,Mr. Okafor,95.6,1,0,3.01,0,323,324,316,316,,4.4,G3|G4,317|323,314|316
1250,Zuri Diaz,11,Washington High,HS,2024-25,Ms. Rivera,70.0,1,2,1.26,4,269,273,243,256,116,1.99,G3|G4|G5|G6|G7|G8|G9|G10|G11,245|240|249|249|253|263|267|263|269,240|240|240|240|240|240|240|240|243
1251,Valentina Todd,3,Riverside Elementary,ES,2024-25,Ms. Chen,96.0,0,0,3.28,0,305,302,308,311,,,G3,305,308
1252,Derek Nelson,7,Lincoln Middle,MS,2024-25,Mr. Williams,82.7,4,1,1.13,4,263,273,277,284,126,1.7,G3|G4|G5|G6|G7,245|260|262|249|263,270|264|284|266|277
1253,Zen Underwood,5,Riverside Elementary,ES,2024-25,Ms. Torres,96.3,1,0,3.24,0,332,334,321,324,160,3.9,G3|G4|G5,325|346|332,310|309|321
1254,Yale Turner,8,Lincoln Middle,MS,2024-25,Mr. Pham,97.4,0,0,3.25,0,316,316,343,339,150,3.8,G3|G4|G5|G6|G7|G8,295|306|316|315|297|316,322|337|332|336|338|343
1255,Yosef Irwin,7,Lincoln Middle,MS,2024-25,Ms. Johnson,93.4,0,0,3.06,0,315,315,316,317,155,3.7,G3|G4|G5|G6|G7,309|308|324|309|315,301|309|305|318|316
1256,Hope Lopez,4,Riverside Elementary,ES,2024-25,Mr. Okafor,96.9,0,0,4.0,0,328,326,320,322,,4.2,G3|G4,325|328,312|320
1257,Zed Hudson,5,Riverside Elementary,ES,2024-25,Ms. Rivera,92.7,0,0,3.31,0,310,310,308,310,161,3.9,G3|G4|G5,294|302|310,283|311|308
1258,Carmen Hayes,4,Riverside Elementary,ES,2024-25,Ms. Chen,97.1,0,0,3.18,0,331,332,324,321,,3.0,G3|G4,325|331,305|324
1259,Mira Underwood,5,Riverside Elementary,ES,2024-25,Mr. Williams,98.7,1,0,2.12,1,314,317,297,300,166,3.3,G3|G4|G5,305|306|314,270|297|297
1260,Ximena West,3,Riverside Elementary,ES,2024-25,Ms. Torres,95.5,0,0,2.14,0,310,313,304,304,,,G3,310,304
1261,Gwen Adams,4,Riverside Elementary,ES,2024-25,Mr. Pham,94.9,0,0,2.26,0,305,306,324,325,,3.6,G3|G4,279|305,315|324
1262,Reese Ford,5,Riverside Elementary,ES,2024-25,Ms. Johnson,92.8,0,0,3.04,0,308,307,297,301,167,3.7,G3|G4|G5,294|311|308,303|284|297
1263,Zara Wade,6,Lincoln Middle,MS,2024-25,Mr. Okafor,94.4,0,0,2.23,1,308,309,304,305,162,3.5,G3|G4|G5|G6,287|300|296|308,294|287|307|304
1264,Caleb Rojas,11,Washington High,HS,2024-25,Ms. Rivera,96.2,1,0,3.61,0,298,299,310,313,166,4.6,G3|G4|G5|G6|G7|G8|G9|G10|G11,283|271|286|277|286|286|299|293|298,274|298|301|289|308|301|294|322|310
1265,Nash Todd,3,Riverside Elementary,ES,2024-25,Ms. Chen,93.7,1,0,2.14,0,297,300,320,323,,,G3,297,320
1266,Dorian Lane,8,Lincoln Middle,MS,2024-25,Mr. Williams,95.0,0,0,3.45,0,324,324,311,310,165,3.8,G3|G4|G5|G6|G7|G8,302|326|326|304|328|324,295|299|296|302|304|311
1267,Zuri Valdez,8,Lincoln Middle,MS,2024-25,Ms. Torres,99.4,0,0,3.63,0,317,318,321,321,163,4.1,G3|G4|G5|G6|G7|G8,300|286|309|300|317|317,294|313|302|308|323|321
1268,Mace Allen,4,Riverside Elementary,ES,2024-25,Mr. Pham,93.9,1,0,2.22,1,330,328,312,314,,3.5,G3|G4,334|330,300|312
1269,Zion Lane,3,Riverside Elementary,ES,2024-25,Ms. Johnson,95.1,1,0,3.71,0,311,310,326,328,,,G3,311,326
1270,Pablo Diaz,4,Riverside Elementary,ES,2024-25,Mr. Okafor,97.3,0,0,2.5,0,311,309,319,318,,3.9,G3|G4,308|311,325|319
1271,Yule Fisher,4,Riverside Elementary,ES,2024-25,Ms. Rivera,95.8,0,0,2.91,0,301,302,318,319,,3.6,G3|G4,300|301,319|318
1272,Kendra Rivera,7,Lincoln Middle,MS,2024-25,Ms. Chen,94.9,0,0,3.92,0,308,311,322,323,157,3.8,G3|G4|G5|G6|G7,288|306|293|297|308,302|317|308|316|322
1273,Yara Lane,4,Riverside Elementary,ES,2024-25,Mr. Williams,97.7,0,0,2.0,0,311,305,322,326,,3.5,G3|G4,304|311,312|322
1274,Vince Acosta,5,Riverside Elementary,ES,2024-25,Ms. Torres,96.9,0,0,3.3,0,327,328,332,333,156,3.3,G3|G4|G5,313|318|327,318|325|332
1275,Zara Lopez,10,Washington High,HS,2024-25,Mr. Pham,74.6,3,3,1.58,2,280,284,277,277,123,1.5,G3|G4|G5|G6|G7|G8|G9|G10,272|264|273|277|271|283|277|280,244|251|267|248|264|270|282|277
1276,Nia Edwards,5,Riverside Elementary,ES,2024-25,Ms. Johnson,92.5,0,0,2.17,0,305,304,299,297,156,3.8,G3|G4|G5,311|299|305,286|300|299
1277,Pablo Turner,3,Riverside Elementary,ES,2024-25,Mr. Okafor,93.1,0,0,3.38,0,326,327,318,321,,,G3,326,318
1278,Bay Okafor,8,Lincoln Middle,MS,2024-25,Ms. Rivera,75.2,0,0,1.61,1,280,284,270,283,109,1.8,G3|G4|G5|G6|G7|G8,264|274|265|276|287|280,244|272|262|263|246|270
1279,Xena Nash,8,Lincoln Middle,MS,2024-25,Ms. Chen,79.3,3,3,1.44,2,269,273,281,284,129,1.6,G3|G4|G5|G6|G7|G8,244|251|271|247|272|269,259|273|269|270|277|281
1280,Eliza Eaton,12,Washington High,HS,2024-25,Mr. Williams,68.7,5,1,1.99,1,273,283,276,284,121,1.6,G3|G4|G5|G6|G7|G8|G9|G10|G11|G12,240|261|252|256|258|268|277|263|266|273,245|252|263|245|274|252|276|270|289|276
1281,Eliza Patel,5,Riverside Elementary,ES,2024-25,Ms. Torres,99.4,0,0,3.59,0,321,318,312,315,150,4.0,G3|G4|G5,318|319|321,315|313|312
1282,Valentina Hall,3,Riverside Elementary,ES,2024-25,Mr. Pham,85,2,3,0.91,4,271,277,265,275,,,G3,271,265
1283,Glen Reed,3,Riverside Elementary,ES,2024-25,Ms. Johnson,97.7,0,0,3.03,0,323,325,311,313,,,G3,323,311
1284,Vera Knox,6,Lincoln Middle,MS,2024-25,Mr. Okafor,98.0,0,0,3.54,0,323,324,333,333,159,3.5,G3|G4|G5|G6,305|316|323|323,321|325|331|333
1285,Waverly Yu,3,Riverside Elementary,ES,2024-25,Ms. Rivera,94.6,1,0,3.84,0,323,327,304,307,,,G3,323,304
1286,Isaiah Dean,12,Washington High,HS,2024-25,Ms. Chen,94.1,0,0,2.2,1,317,317,297,297,152,3.4,G3|G4|G5|G6|G7|G8|G9|G10|G11|G12,291|295|293|307|306|304|309|314|318|317,265|256|280|281|275|287|291|302|297|297
1287,Jett Reed,7,Lincoln Middle,MS,2024-25,Mr. Williams,76.0,3,2,1.41,1,273,273,269,275,123,1.4,G3|G4|G5|G6|G7,257|273|268|268|273,259|261|257|259|269
1288,Rachel Park,3,Riverside Elementary,ES,2024-25,Ms. Torres,69.9,4,0,1.38,2,258,262,263,267,,,G3,258,263
1289,Zelda Norris,10,Washington High,HS,2024-25,Mr. Pham,94.2,1,0,2.85,0,314,311,322,318,173,3.6,G3|G4|G5|G6|G7|G8|G9|G10,306|293|293|300|301|315|324|314,304|303|307|313|304|332|334|322
1290,Zelda Abbott,8,Lincoln Middle,MS,2024-25,Ms. Johnson,90,0,0,2.05,1,312,316,329,329,164,3.4,G3|G4|G5|G6|G7|G8,295|290|292|296|301|312,311|313|316|313|331|329
1291,Rachel Owen,8,Lincoln Middle,MS,2024-25,Mr. Okafor,93.8,0,0,3.64,0,316,312,323,326,171,3.7,G3|G4|G5|G6|G7|G8,310|304|302|302|309|316,295|307|316|322|320|323
1292,Zephyr Irwin,5,Riverside Elementary,ES,2024-25,Ms. Rivera,98.4,0,0,3.55,0,321,321,317,320,180,3.6,G3|G4|G5,333|327|321,313|336|317
1293,Abby Acosta,12,Washington High,HS,2024-25,Ms. Chen,62.8,0,1,0.55,1,265,268,279,284,127,1.3,G3|G4|G5|G6|G7|G8|G9|G10|G11|G12,240|252|246|241|258|258|248|264|257|265,254|264|246|258|257|265|268|263|280|279
1294,Axel Rojas,5,Riverside Elementary,ES,2024-25,Mr. Williams,93.2,1,0,2.36,1,323,324,321,321,153,3.3,G3|G4|G5,315|317|323,323|320|321
1295,Imani Yates,3,Riverside Elementary,ES,2024-25,Ms. Torres,97.3,0,0,2.5,0,326,328,329,328,,,G3,326,329
1296,Zora Edwards,6,Lincoln Middle,MS,2024-25,Mr. Pham,96.6,0,0,3.21,0,303,300,317,316,157,3.4,G3|G4|G5|G6,286|291|294|303,311|321|300|317
1297,Iris Rivera,11,Washington High,HS,2024-25,Ms. Johnson,94.2,0,0,2.31,0,336,337,307,305,152,3.3,G3|G4|G5|G6|G7|G8|G9|G10|G11,300|298|316|310|328|342|335|324|336,270|296|298|295|283|287|301|297|307
1298,Onyx Ortiz,6,Lincoln Middle,MS,2024-25,Mr. Okafor,85,5,0,1.06,1,279,283,271,281,112,0.5,G3|G4|G5|G6,272|278|272|279,265|274|276|271
1299,Alicia Todd,6,Lincoln Middle,MS,2024-25,Ms. Rivera,94.2,0,0,2.29,1,308,310,297,301,150,3.8,G3|G4|G5|G6,316|313|319|308,274|285|285|297
1300,Vera Bell,9,Washington High,HS,2024-25,Ms. Chen,96.9,0,0,3.23,0,317,321,318,317,165,3.6,G3|G4|G5|G6|G7|G8|G9,298|311|299|328|320|314|317,302|305|305|319|302|331|318
1301,Ren Simmons,4,Riverside Elementary,ES,2024-25,Mr. Williams,97.6,1,0,3.47,0,314,308,311,312,,3.8,G3|G4,307|314,305|311
1302,Tatum Underwood,9,Washington High,HS,2024-25,Ms. Torres,96.8,0,0,3.51,0,322,322,300,300,167,3.5,G3|G4|G5|G6|G7|G8|G9,305|320|326|331|307|322|322,293|275|286|297|299|301|300
1303,Yolanda Jensen,10,Washington High,HS,2024-25,Mr. Pham,97.4,0,0,3.32,0,329,332,304,306,155,3.1,G3|G4|G5|G6|G7|G8|G9|G10,303|324|310|313|311|320|324|329,291|283|293|301|299|295|289|304
1304,Alma Xiao,7,Lincoln Middle,MS,2024-25,Ms. Johnson,93.3,0,0,2.25,0,300,301,302,302,159,4.0,G3|G4|G5|G6|G7,278|289|286|309|300,281|298|286|302|302
1305,Knox Abbott,3,Riverside Elementary,ES,2024-25,Mr. Okafor,93.0,1,0,2.22,1,297,297,316,318,,,G3,297,316
1306,Sloane Jackson,12,Washington High,HS,2024-25,Ms. Rivera,94.8,0,0,4.0,0,309,309,297,297,153,3.5,G3|G4|G5|G6|G7|G8|G9|G10|G11|G12,281|283|285|299|292|287|307|292|315|309,268|264|259|295|287|272|284|280|296|297
1307,Gage Allen,6,Lincoln Middle,MS,2024-25,Ms. Chen,98.5,0,0,3.87,0,325,325,313,313,169,3.8,G3|G4|G5|G6,314|322|326|325,296|310|305|313
1308,Esme Kim,4,Riverside Elementary,ES,2024-25,Mr. Williams,76.8,5,0,1.33,3,265,269,252,263,,1.4,G3|G4,267|265,240|252
1309,Zara Yang,3,Riverside Elementary,ES,2024-25,Ms. Torres,95.8,0,0,2.15,1,315,318,324,325,,,G3,315,324
1310,Zora Turner,3,Riverside Elementary,ES,2024-25,Mr. Pham,94.0,0,0,2.25,1,305,306,319,322,,,G3,305,319
1311,Onyx Soto,10,Washington High,HS,2024-25,Ms. Johnson,98.4,0,0,3.08,0,321,321,301,299,177,4.2,G3|G4|G5|G6|G7|G8|G9|G10,294|297|308|317|311|300|313|321,274|283|275|299|292|305|298|301
1312,Kit Evans,8,Lincoln Middle,MS,2024-25,Mr. Okafor,97.5,0,0,2.64,0,324,326,323,320,166,4.0,G3|G4|G5|G6|G7|G8,303|307|308|327|327|324,297|307|307|330|320|323
1313,Gage Upton,6,Lincoln Middle,MS,2024-25,Ms. Rivera,80.5,5,0,1.0,3,263,270,256,264,122,1.4,G3|G4|G5|G6,251|255|260|263,249|240|252|256
1314,Wesley Moore,8,Lincoln Middle,MS,2024-25,Ms. Chen,93.3,1,0,2.0,0,315,314,315,313,152,3.6,G3|G4|G5|G6|G7|G8,299|303|310|318|305|315,288|309|305|306|312|315
1315,Harlow Garcia,11,Washington High,HS,2024-25,Mr. Williams,94.8,0,0,2.96,0,322,325,297,297,168,4.7,G3|G4|G5|G6|G7|G8|G9|G10|G11,295|302|314|315|309|318|317|311|322,264|279|270|302|276|295|276|276|297
1316,Knox Mason,11,Washington High,HS,2024-25,Ms. Torres,94.4,0,0,3.0,0,325,326,330,330,166,4.1,G3|G4|G5|G6|G7|G8|G9|G10|G11,304|303|288|316|323|315|324|320|325,302|295|326|308|313|339|317|339|330
1317,Vale Eaton,7,Lincoln Middle,MS,2024-25,Mr. Pham,68.4,3,2,1.6,3,274,280,264,273,126,1.8,G3|G4|G5|G6|G7,263|257|264|269|274,259|258|257|243|264
1318,Vivian Ford,3,Riverside Elementary,ES,2024-25,Ms. Johnson,96.4,0,0,3.28,0,299,302,325,325,,,G3,299,325
1319,Ever Gomez,8,Lincoln Middle,MS,2024-25,Mr. Okafor,72.9,3,0,0.8,1,269,272,258,272,129,1.99,G3|G4|G5|G6|G7|G8,244|265|245|256|259|269,249|243|248|246|265|258
1320,Axel Carroll,3,Riverside Elementary,ES,2024-25,Ms. Rivera,93.7,0,0,3.11,0,297,298,322,324,,,G3,297,322
1321,Joel Hayes,11,Washington High,HS,2024-25,Ms. Chen,77.8,4,1,1.95,3,270,279,268,278,111,1.1,G3|G4|G5|G6|G7|G8|G9|G10|G11,248|260|254|258|255|253|260|266|270,248|245|240|245|240|251|248|270|268
1322,Fatima Young,7,Lincoln Middle,MS,2024-25,Mr. Williams,93.3,1,0,3.55,0,321,321,323,325,159,4.1,G3|G4|G5|G6|G7,305|306|311|318|321,313|316|324|308|323
1323,Dario Barnes,11,Washington High,HS,2024-25,Ms. Torres,93.9,0,0,2.12,1,306,303,305,309,152,3.1,G3|G4|G5|G6|G7|G8|G9|G10|G11,273|279|281|278|286|282|307|307|306,275|288|280|282|296|303|316|296|305
1324,Zack Flynn,6,Lincoln Middle,MS,2024-25,Mr. Pham,96.9,0,0,3.18,0,322,319,317,317,169,3.8,G3|G4|G5|G6,310|299|304|322,308|316|312|317
1325,Sterling Flynn,3,Riverside Elementary,ES,2024-25,Ms. Johnson,95.9,0,0,3.93,0,305,308,323,326,,,G3,305,323
1326,Evan Adams,5,Riverside Elementary,ES,2024-25,Mr. Okafor,94.4,0,0,3.5,0,325,329,339,341,157,4.3,G3|G4|G5,302|325|325,340|350|339
1327,Xander Bishop,5,Riverside Elementary,ES,2024-25,Ms. Rivera,95.1,1,0,2.93,0,314,318,310,310,151,3.1,G3|G4|G5,314|305|314,288|301|310
1328,North Adams,6,Lincoln Middle,MS,2024-25,Ms. Chen,97.8,0,0,3.71,0,324,325,322,324,165,4.1,G3|G4|G5|G6,316|318|320|324,311|310|334|322
1329,Isla Lee,4,Riverside Elementary,ES,2024-25,Mr. Williams,94.9,0,0,2.21,0,316,316,299,300,,3.4,G3|G4,320|316,296|299
1330,Pablo Allen,11,Washington High,HS,2024-25,Ms. Torres,95.0,0,0,3.11,0,297,297,302,304,167,3.9,G3|G4|G5|G6|G7|G8|G9|G10|G11,279|265|265|281|283|285|287|291|297,287|293|270|289|289|293|291|298|302
1331,Vega Xu,6,Lincoln Middle,MS,2024-25,Mr. Pham,79.2,4,0,1.28,4,278,284,283,284,112,1.7,G3|G4|G5|G6,267|272|255|278,285|263|278|283
1332,Rhett Yang,4,Riverside Elementary,ES,2024-25,Ms. Johnson,90,1,0,2.16,0,305,302,300,300,,3.3,G3|G4,295|305,294|300
1333,Olivia Uribe,5,Riverside Elementary,ES,2024-25,Mr. Okafor,68.1,5,3,1.07,1,257,262,247,248,114,1.1,G3|G4|G5,250|260|257,240|250|247
1334,Quinton Yang,10,Washington High,HS,2024-25,Ms. Rivera,73.5,3,0,1.39,4,263,272,283,284,110,1.3,G3|G4|G5|G6|G7|G8|G9|G10,241|248|253|248|252|252|263|263,273|256|277|266|269|262|268|283
1335,Mira Moore,8,Lincoln Middle,MS,2024-25,Ms. Chen,94.7,0,0,2.02,0,306,306,323,323,154,3.5,G3|G4|G5|G6|G7|G8,287|305|296|303|300|306,307|314|307|321|324|323
1336,Abby Lewis,6,Lincoln Middle,MS,2024-25,Mr. Williams,96.2,0,0,3.03,0,333,335,300,300,160,3.4,G3|G4|G5|G6,316|327|327|333,293|299|299|300
1337,Umar Fisher,7,Lincoln Middle,MS,2024-25,Ms. Torres,76.8,2,2,1.99,2,257,261,275,284,121,1.1,G3|G4|G5|G6|G7,246|246|267|254|257,250|269|272|271|275
1338,Wade Zhou,6,Lincoln Middle,MS,2024-25,Mr. Pham,78.6,3,0,1.39,3,262,264,271,271,106,1.7,G3|G4|G5|G6,261|251|249|262,279|255|274|271
1339,Lorenzo Taylor,4,Riverside Elementary,ES,2024-25,Ms. Johnson,97.0,0,0,3.23,0,311,312,297,297,,4.2,G3|G4,302|311,304|297
1340,Sloane Jackson,8,Lincoln Middle,MS,2024-25,Mr. Okafor,91.5,0,0,2.06,0,314,317,301,304,157,3.6,G3|G4|G5|G6|G7|G8,310|305|309|303|321|314,292|279|292|295|294|301
1341,Freya Ford,7,Lincoln Middle,MS,2024-25,Ms. Rivera,85,3,2,1.49,2,265,273,275,283,118,1.4,G3|G4|G5|G6|G7,253|264|244|269|265,275|256|267|267|275
1342,Joelle West,4,Riverside Elementary,ES,2024-25,Ms. Chen,98.2,0,0,3.08,0,320,316,301,303,,4.0,G3|G4,309|320,300|301
1343,Nash Xiao,8,Lincoln Middle,MS,2024-25,Mr. Williams,70.3,4,1,1.31,2,261,267,256,259,126,1.3,G3|G4|G5|G6|G7|G8,248|249|252|265|259|261,240|240|246|245|247|256
1344,Freya Scott,3,Riverside Elementary,ES,2024-25,Ms. Torres,90,0,0,2.19,1,310,308,315,315,,,G3,310,315
1345,Layla Vargas,11,Washington High,HS,2024-25,Mr. Pham,97.0,0,0,2.97,0,338,341,297,299,167,3.9,G3|G4|G5|G6|G7|G8|G9|G10|G11,320|314|294|319|328|339|323|332|338,268|275|273|268|280|292|283|285|297
1346,Yael Jones,11,Washington High,HS,2024-25,Ms. Johnson,97.5,0,0,3.79,0,313,317,308,311,155,3.8,G3|G4|G5|G6|G7|G8|G9|G10|G11,279|298|285|290|309|298|293|303|313,278|296|292|295|291|297|305|291|308
1347,Gwen Hudson,9,Washington High,HS,2024-25,Mr. Okafor,95.9,0,0,3.34,0,322,323,318,319,177,3.9,G3|G4|G5|G6|G7|G8|G9,307|310|304|327|320|317|322,297|306|308|309|316|318|318
1348,Theo Lewis,9,Washington High,HS,2024-25,Ms. Rivera,98.5,0,0,3.36,0,328,326,322,323,160,3.8,G3|G4|G5|G6|G7|G8|G9,320|307|324|322|325|321|328,289|303|319|310|310|313|322
1349,Isla Hall,10,Washington High,HS,2024-25,Ms. Chen,95.1,0,0,2.8,0,312,311,313,311,173,3.5,G3|G4|G5|G6|G7|G8|G9|G10,297|296|307|301|301|314|311|312,291|291|304|306|318|318|309|313
1350,Brianna Young,5,Riverside Elementary,ES,2024-25,Mr. Williams,94.9,0,0,3.92,0,311,308,320,321,163,4.3,G3|G4|G5,287|301|311,303|321|320
1351,Rio Kim,4,Riverside Elementary,ES,2024-25,Ms. Torres,76.9,3,3,1.99,1,268,275,271,278,,1.2,G3|G4,277|268,278|271
1352,Echo Obrien,5,Riverside Elementary,ES,2024-25,Mr. Pham,95.2,0,0,3.42,0,315,316,318,318,159,4.7,G3|G4|G5,317|321|315,312|313|318
1353,Emilia Nguyen,4,Riverside Elementary,ES,2024-25,Ms. Johnson,73.4,1,1,1.94,3,251,257,263,269,,0.6,G3|G4,240|251,240|263
1354,Yolanda Turner,6,Lincoln Middle,MS,2024-25,Mr. Okafor,72.4,3,1,1.24,4,279,284,249,254,116,1.99,G3|G4|G5|G6,277|284|288|279,254|240|251|249
1355,Emilia Yang,5,Riverside Elementary,ES,2024-25,Ms. Rivera,94.6,0,0,3.47,0,311,315,305,306,176,4.1,G3|G4|G5,320|289|311,306|295|305
1356,Aaliyah Ortiz,9,Washington High,HS,2024-25,Ms. Chen,97.8,0,0,2.83,0,311,310,311,311,160,3.8,G3|G4|G5|G6|G7|G8|G9,287|304|307|295|293|304|311,301|294|309|297|301|318|311
1357,Marsh Zimmerman,6,Lincoln Middle,MS,2024-25,Mr. Williams,71.2,4,2,1.31,3,255,256,271,280,107,1.8,G3|G4|G5|G6,261|245|249|255,255|262|263|271
1358,Winter Carroll,4,Riverside Elementary,ES,2024-25,Ms. Torres,97.7,0,0,3.8,0,326,328,317,317,,3.7,G3|G4,310|326,311|317
1359,Indie Foster,12,Washington High,HS,2024-25,Mr. Pham,75.2,5,3,1.93,3,262,271,249,255,118,1.7,G3|G4|G5|G6|G7|G8|G9|G10|G11|G12,240|242|242|253|252|240|265|269|263|262,240|240|240|240|240|252|240|240|253|249
1360,Boris Zhou,10,Washington High,HS,2024-25,Ms. Johnson,93.8,0,0,3.88,0,337,338,312,313,169,3.7,G3|G4|G5|G6|G7|G8|G9|G10,323|334|314|329|320|347|334|337,297|295|292|298|300|292|313|312
1361,Jules Ellis,4,Riverside Elementary,ES,2024-25,Mr. Okafor,91.4,0,0,2.16,0,325,329,301,304,,4.1,G3|G4,308|325,306|301
1362,Maya Lee,5,Riverside Elementary,ES,2024-25,Ms. Rivera,97.8,1,0,3.46,0,331,331,312,313,158,4.4,G3|G4|G5,319|332|331,305|310|312
1363,Kole Evans,6,Lincoln Middle,MS,2024-25,Ms. Chen,94.8,0,0,2.89,0,302,302,311,307,154,3.6,G3|G4|G5|G6,287|292|299|302,281|304|314|311
1364,Harlow Zhang,9,Washington High,HS,2024-25,Mr. Williams,96.0,0,0,3.86,0,305,305,314,313,161,3.4,G3|G4|G5|G6|G7|G8|G9,281|304|294|298|287|312|305,299|299|306|296|315|313|314
1365,Joelle Hudson,8,Lincoln Middle,MS,2024-25,Ms. Torres,73.7,1,1,1.34,2,276,279,249,252,127,1.7,G3|G4|G5|G6|G7|G8,259|265|260|271|260|276,240|240|242|240|246|249
1366,Yolanda Jackson,6,Lincoln Middle,MS,2024-25,Mr. Pham,95.8,1,0,2.8,0,316,320,314,312,170,4.3,G3|G4|G5|G6,313|308|327|316,304|317|319|314
1367,Tristan Bell,5,Riverside Elementary,ES,2024-25,Ms. Johnson,79.9,3,1,1.45,3,267,277,271,273,124,1.8,G3|G4|G5,268|258|267,271|255|271
1368,Hope Walker,10,Washington High,HS,2024-25,Mr. Okafor,94.2,0,0,3.71,0,309,312,307,309,165,4.0,G3|G4|G5|G6|G7|G8|G9|G10,288|286|297|289|295|301|307|309,284|293|293|284|293|292|300|307
1369,Yusuf Barnes,8,Lincoln Middle,MS,2024-25,Ms. Rivera,90.3,0,0,3.15,0,322,326,315,318,157,3.5,G3|G4|G5|G6|G7|G8,305|308|317|313|319|322,298|302|307|322|313|315
1370,Kendra Moore,5,Riverside Elementary,ES,2024-25,Ms. Chen,97.7,0,0,2.91,0,328,328,324,323,150,4.7,G3|G4|G5,333|328|328,324|334|324
1371,Zack Obrien,6,Lincoln Middle,MS,2024-25,Mr. Williams,94.8,0,0,2.35,0,302,302,311,315,158,3.7,G3|G4|G5|G6,303|297|278|302,292|298|298|311
1372,Glen Ford,4,Riverside Elementary,ES,2024-25,Ms. Torres,95.8,0,0,3.23,0,314,314,307,304,,3.5,G3|G4,315|314,308|307
1373,Marcus Bell,7,Lincoln Middle,MS,2024-25,Mr. Pham,95.1,0,0,4.0,0,321,323,312,313,158,3.6,G3|G4|G5|G6|G7,307|310|318|315|321,298|300|301|311|312
1374,Eliza Yang,5,Riverside Elementary,ES,2024-25,Ms. Johnson,95.4,0,0,3.34,0,301,299,312,308,150,4.0,G3|G4|G5,303|280|301,303|308|312
1375,Zora Miller,3,Riverside Elementary,ES,2024-25,Mr. Okafor,93.2,0,0,3.98,0,316,318,351,351,,,G3,316,351
1376,Carlos Scott,3,Riverside Elementary,ES,2024-25,Ms. Rivera,92.8,0,0,3.12,0,327,330,298,299,,,G3,327,298
1377,Kevin Todd,6,Lincoln Middle,MS,2024-25,Ms. Chen,83.4,2,2,0.74,2,272,279,251,261,109,1.9,G3|G4|G5|G6,258|274|272|272,245|241|240|251
1378,Sky Jimenez,8,Lincoln Middle,MS,2024-25,Mr. Williams,95.1,0,0,2.6,0,304,301,320,324,166,3.6,G3|G4|G5|G6|G7|G8,276|277|303|307|289|304,300|303|319|305|324|320
1379,Sage Norris,10,Washington High,HS,2024-25,Ms. Torres,100,0,0,2.95,0,306,302,328,330,163,3.6,G3|G4|G5|G6|G7|G8|G9|G10,280|275|293|285|285|301|296|306,309|299|308|306|328|308|326|328
1380,Echo Young,4,Riverside Elementary,ES,2024-25,Mr. Pham,71.6,5,1,1.56,3,275,275,284,284,,0.9,G3|G4,257|275,274|284
1381,Navy Zhou,8,Lincoln Middle,MS,2024-25,Ms. Johnson,95.0,0,0,2.22,1,316,316,318,318,157,3.7,G3|G4|G5|G6|G7|G8,302|317|296|297|323|316,303|290|322|306|328|318
1382,Penn Dean,5,Riverside Elementary,ES,2024-25,Mr. Okafor,81.8,3,1,1.74,2,269,280,279,284,115,1.4,G3|G4|G5,259|268|269,273|278|279
1383,Wade Ingram,9,Washington High,HS,2024-25,Ms. Rivera,72.5,5,1,1.76,4,271,280,281,284,125,1.5,G3|G4|G5|G6|G7|G8|G9,265|255|263|278|279|280|271,253|255|266|259|279|279|281
1384,Carmen Fisher,8,Lincoln Middle,MS,2024-25,Ms. Chen,97.6,1,0,2.19,0,317,317,297,299,158,3.5,G3|G4|G5|G6|G7|G8,288|305|309|292|306|317,299|283|275|296|297|297
1385,Kit Dunn,9,Washington High,HS,2024-25,Mr. Williams,82.5,2,0,1.49,3,274,284,272,283,112,0.9,G3|G4|G5|G6|G7|G8|G9,256|283|261|262|280|264|274,256|265|255|246|261|265|272
1386,Yule Mason,5,Riverside Elementary,ES,2024-25,Ms. Torres,93.1,0,0,2.37,1,299,302,307,311,156,3.8,G3|G4|G5,287|285|299,306|304|307
1387,Amara Flynn,7,Lincoln Middle,MS,2024-25,Mr. Pham,83.6,3,1,1.71,3,257,268,249,261,114,1.3,G3|G4|G5|G6|G7,240|240|256|243|257,240|240|240|240|249
1388,Kevin Clark,11,Washington High,HS,2024-25,Ms. Johnson,96.3,0,0,2.16,1,323,323,301,301,150,3.3,G3|G4|G5|G6|G7|G8|G9|G10|G11,296|299|319|307|305|309|313|321|323,275|282|274|289|298|282|298|290|301
1389,Sloane Turner,7,Lincoln Middle,MS,2024-25,Mr. Okafor,96.5,0,0,2.17,0,329,329,312,309,155,3.5,G3|G4|G5|G6|G7,310|314|326|320|329,282|313|306|303|312
1390,Winona Wade,8,Lincoln Middle,MS,2024-25,Ms. Rivera,97.3,0,0,3.24,0,309,307,317,318,153,4.6,G3|G4|G5|G6|G7|G8,297|304|309|306|297|309,309|307|309|307|326|317
1391,Imani Irwin,6,Lincoln Middle,MS,2024-25,Ms. Chen,79.5,0,1,0.76,1,254,266,280,283,129,1.5,G3|G4|G5|G6,240|240|251|254,276|278|291|280
1392,Theo Knox,5,Riverside Elementary,ES,2024-25,Mr. Williams,92.7,0,0,3.78,0,312,309,312,315,172,3.8,G3|G4|G5,288|306|312,310|298|312
1393,Pax Clark,12,Washington High,HS,2024-25,Ms. Torres,67.8,1,0,1.91,4,262,272,247,259,116,1.99,G3|G4|G5|G6|G7|G8|G9|G10|G11|G12,244|240|246|251|255|251|245|256|268|262,240|240|240|240|240|240|240|243|240|247
1394,Fern Perry,3,Riverside Elementary,ES,2024-25,Mr. Pham,96.0,0,0,2.96,0,310,310,297,297,,,G3,310,297
1395,Ulric Turner,4,Riverside Elementary,ES,2024-25,Ms. Johnson,83.9,3,1,1.68,1,281,284,270,278,,1.7,G3|G4,289|281,264|270
1396,Caleb White,5,Riverside Elementary,ES,2024-25,Mr. Okafor,100,0,0,3.07,0,332,330,328,330,151,4.9,G3|G4|G5,310|348|332,328|325|328
1397,Gina Upton,4,Riverside Elementary,ES,2024-25,Ms. Rivera,96.6,0,0,2.07,0,297,297,310,312,,3.4,G3|G4,303|297,304|310
1398,Effie Jensen,3,Riverside Elementary,ES,2024-25,Ms. Chen,96.6,0,0,2.18,1,297,301,317,318,,,G3,297,317
1399,Gina Valdez,6,Lincoln Middle,MS,2024-25,Mr. Williams,97.0,1,0,2.57,0,319,322,301,304,158,3.6,G3|G4|G5|G6,313|325|315|319,289|295|295|301
1400,Marcus Yang,3,Riverside Elementary,ES,2024-25,Ms. Torres,93.9,1,0,3.79,0,333,333,300,303,,,G3,333,300
1401,Yule Allen,5,Riverside Elementary,ES,2024-25,Mr. Pham,98.8,0,0,3.64,0,319,316,313,313,159,3.8,G3|G4|G5,320|316|319,305|308|313
1402,Pax Yang,8,Lincoln Middle,MS,2024-25,Ms. Johnson,94.3,0,0,4.0,0,325,323,312,315,160,4.2,G3|G4|G5|G6|G7|G8,312|306|309|315|313|325,302|297|315|307|306|312
1403,Ula Yates,6,Lincoln Middle,MS,2024-25,Mr. Okafor,73.5,3,3,1.61,2,256,260,272,280,112,0.7,G3|G4|G5|G6,247|255|257|256,260|272|265|272
1404,Nia Mason,10,Washington High,HS,2024-25,Ms. Rivera,95.1,0,0,2.87,0,325,327,316,318,167,3.8,G3|G4|G5|G6|G7|G8|G9|G10,296|296|295|333|328|315|327|325,285|294|299|320|312|312|320|316
1405,Navy Jensen,9,Washington High,HS,2024-25,Ms. Chen,65.0,3,1,1.67,4,274,276,240,248,108,1.5,G3|G4|G5|G6|G7|G8|G9,262|250|252|269|252|256|274,240|240|240|240|245|245|240
1406,Gina Taylor,11,Washington High,HS,2024-25,Mr. Williams,74.0,2,1,1.49,2,279,279,274,275,129,0.6,G3|G4|G5|G6|G7|G8|G9|G10|G11,254|258|269|256|277|271|273|261|279,240|250|240|249|262|270|273|276|274
1407,Wade Gomez,10,Washington High,HS,2024-25,Ms. Torres,99.9,0,0,2.5,0,342,338,297,300,168,3.4,G3|G4|G5|G6|G7|G8|G9|G10,325|331|328|331|330|332|357|342,267|282|282|297|284|286|296|297
1408,Blake Hudson,11,Washington High,HS,2024-25,Mr. Pham,94.3,0,0,2.13,0,330,331,317,316,150,3.8,G3|G4|G5|G6|G7|G8|G9|G10|G11,307|308|332|316|322|310|336|330|330,289|307|299|293|308|314|306|315|317
1409,Pierce Wade,5,Riverside Elementary,ES,2024-25,Ms. Johnson,97.1,0,0,2.78,0,300,302,306,310,158,3.8,G3|G4|G5,298|285|300,297|310|306
1410,Lorenzo Grant,7,Lincoln Middle,MS,2024-25,Mr. Okafor,96.6,0,0,3.9,0,329,329,303,305,168,3.4,G3|G4|G5|G6|G7,325|313|318|327|329,302|279|299|304|303
1411,Hope Ibarra,11,Washington High,HS,2024-25,Ms. Rivera,82.0,4,1,1.53,4,280,284,277,284,114,1.1,G3|G4|G5|G6|G7|G8|G9|G10|G11,258|260|275|255|267|271|279|277|280,258|253|254|250|257|264|282|290|277
1412,Frost Lane,11,Washington High,HS,2024-25,Ms. Chen,96.4,0,0,2.2,1,333,335,311,310,161,3.5,G3|G4|G5|G6|G7|G8|G9|G10|G11,303|329|323|314|325|328|321|320|333,286|275|288|286|294|307|305|308|311
1413,Moss Wade,7,Lincoln Middle,MS,2024-25,Mr. Williams,90.6,1,0,2.23,1,297,297,299,301,167,3.5,G3|G4|G5|G6|G7,283|285|280|303|297,274|279|292|300|299
1414,Greta Moore,12,Washington High,HS,2024-25,Ms. Torres,80.9,4,0,1.91,1,271,284,259,272,129,1.6,G3|G4|G5|G6|G7|G8|G9|G10|G11|G12,253|242|253|242|259|252|266|265|266|271,240|240|240|241|240|243|254|258|255|259
1415,Moss Thomas,9,Washington High,HS,2024-25,Mr. Pham,93.5,0,0,3.1,0,307,309,326,330,162,3.6,G3|G4|G5|G6|G7|G8|G9,283|306|296|289|312|309|307,308|311|312|304|328|327|326
1416,Vince Quinn,8,Lincoln Middle,MS,2024-25,Ms. Johnson,78.0,2,0,1.2,2,266,268,268,277,115,1.0,G3|G4|G5|G6|G7|G8,261|248|260|262|276|266,258|252|264|259|280|268
1417,Ursula Patel,8,Lincoln Middle,MS,2024-25,Mr. Okafor,96.4,0,0,3.23,0,299,300,310,308,163,3.2,G3|G4|G5|G6|G7|G8,296|277|296|283|291|299,292|300|293|296|305|310
1418,Wesley Clark,5,Riverside Elementary,ES,2024-25,Ms. Rivera,91.9,1,0,2.39,0,301,300,307,307,161,3.1,G3|G4|G5,295|310|301,291|307|307
1419,Portia Bishop,7,Lincoln Middle,MS,2024-25,Ms. Chen,95.9,0,0,3.58,0,297,297,302,297,166,3.6,G3|G4|G5|G6|G7,282|294|305|295|297,299|292|291|304|302
1420,Hope Kim,4,Riverside Elementary,ES,2024-25,Mr. Williams,96.2,0,0,2.96,0,323,326,313,314,,4.0,G3|G4,332|323,312|313
1421,Derek Okafor,4,Riverside Elementary,ES,2024-25,Ms. Torres,72.2,0,1,0.81,4,258,262,263,275,,1.3,G3|G4,251|258,261|263
1422,Camila Chen,10,Washington High,HS,2024-25,Mr. Pham,66.6,5,1,1.42,3,253,263,275,283,123,1.8,G3|G4|G5|G6|G7|G8|G9|G10,249|240|240|240|247|240|246|253,257|257|269|263|265|275|267|275
1423,Winter Patel,3,Riverside Elementary,ES,2024-25,Ms. Johnson,93.4,0,0,2.42,1,318,318,308,308,,,G3,318,308
1424,Rosa Obrien,6,Lincoln Middle,MS,2024-25,Mr. Okafor,96.9,0,0,3.01,0,300,301,326,326,161,3.6,G3|G4|G5|G6,279|286|298|300,326|320|309|326
1425,Elan Yates,5,Riverside Elementary,ES,2024-25,Ms. Rivera,95.3,0,0,3.82,0,325,325,311,314,155,3.0,G3|G4|G5,316|329|325,297|312|311
1426,Yule Ibarra,7,Lincoln Middle,MS,2024-25,Ms. Chen,96.3,0,0,2.99,0,305,306,337,338,160,3.6,G3|G4|G5|G6|G7,302|311|286|299|305,326|319|315|348|337
1427,Bianca Foster,12,Washington High,HS,2024-25,Mr. Williams,69.2,2,1,1.31,2,251,256,264,277,112,0.5,G3|G4|G5|G6|G7|G8|G9|G10|G11|G12,240|240|240|240|243|240|252|240|247|251,240|240|242|259|253|249|269|254|261|264
1428,Caleb Ibarra,5,Riverside Elementary,ES,2024-25,Ms. Torres,70.4,3,1,1.55,3,261,271,269,271,105,1.2,G3|G4|G5,255|267|261,260|263|269
1429,Yule West,4,Riverside Elementary,ES,2024-25,Mr. Pham,80.4,2,0,1.44,2,264,277,255,257,,1.6,G3|G4,257|264,256|255
1430,Quinn Hayes,4,Riverside Elementary,ES,2024-25,Ms. Johnson,95.0,0,0,2.79,0,298,300,325,325,,4.0,G3|G4,297|298,321|325
1431,Zed Dean,5,Riverside Elementary,ES,2024-25,Mr. Okafor,80.3,3,0,1.38,1,272,273,268,273,106,0.8,G3|G4|G5,261|259|272,269|268|268
1432,Jet Thomas,8,Lincoln Middle,MS,2024-25,Ms. Rivera,98.3,0,0,3.89,0,308,305,316,319,150,3.8,G3|G4|G5|G6|G7|G8,288|296|312|297|309|308,305|302|305|319|329|316
1433,Hannah Vargas,9,Washington High,HS,2024-25,Ms. Chen,92.8,0,0,2.33,0,312,316,332,332,159,3.1,G3|G4|G5|G6|G7|G8|G9,302|302|290|305|303|317|312,302|310|314|317|329|319|332
1434,Dante Brown,11,Washington High,HS,2024-25,Mr. Williams,92.4,0,0,3.97,0,339,340,320,324,166,3.7,G3|G4|G5|G6|G7|G8|G9|G10|G11,314|324|318|325|318|324|326|362|339,293|300|310|304|313|303|316|327|320
1435,Mateo Hayes,11,Washington High,HS,2024-25,Ms. Torres,79.5,0,1,1.85,2,255,268,265,269,110,0.9,G3|G4|G5|G6|G7|G8|G9|G10|G11,240|240|248|240|240|240|240|258|255,240|251|255|252|250|250|263|265|265
1436,Esme Reed,4,Riverside Elementary,ES,2024-25,Mr. Pham,94.9,0,0,4.0,0,334,336,321,319,,3.8,G3|G4,326|334,319|321
1437,Hollie Jensen,3,Riverside Elementary,ES,2024-25,Ms. Johnson,69.5,1,2,1.26,4,249,252,265,276,,,G3,249,265
1438,Yasmin Lane,10,Washington High,HS,2024-25,Mr. Okafor,99.3,1,0,3.43,0,317,318,301,302,172,4.0,G3|G4|G5|G6|G7|G8|G9|G10,300|301|301|294|298|313|330|317,274|286|286|296|286|285|324|301
1439,Bianca Thomas,5,Riverside Elementary,ES,2024-25,Ms. Rivera,81.0,0,0,1.6,2,258,259,278,277,129,1.0,G3|G4|G5,253|241|258,272|278|278
1440,Rachel Wade,12,Washington High,HS,2024-25,Ms. Chen,85,3,0,1.74,3,274,278,276,284,114,1.4,G3|G4|G5|G6|G7|G8|G9|G10|G11|G12,249|253|242|252|256|269|252|278|267|274,252|246|254|248|261|254|260|264|271|276
1441,Pablo Okafor,4,Riverside Elementary,ES,2024-25,Mr. Williams,78.4,4,3,1.68,1,269,273,263,273,,1.2,G3|G4,257|269,250|263
1442,Beck Jones,9,Washington High,HS,2024-25,Ms. Torres,70.3,1,0,1.96,3,275,284,269,276,113,1.8,G3|G4|G5|G6|G7|G8|G9,263|258|259|280|264|268|275,253|258|257|262|263|263|269
1443,Ever Harris,3,Riverside Elementary,ES,2024-25,Mr. Pham,97.3,1,0,3.53,0,336,340,314,316,,,G3,336,314
1444,Ingrid Jensen,5,Riverside Elementary,ES,2024-25,Ms. Johnson,95.7,0,0,3.07,0,317,318,303,307,182,3.6,G3|G4|G5,327|303|317,291|308|303
1445,Amara Nash,7,Lincoln Middle,MS,2024-25,Mr. Okafor,90.5,0,0,2.38,0,320,315,299,299,151,3.3,G3|G4|G5|G6|G7,301|311|316|312|320,289|295|296|297|299
1446,Vivian Kaur,5,Riverside Elementary,ES,2024-25,Ms. Rivera,79.8,3,0,1.34,4,270,279,245,247,117,1.1,G3|G4|G5,260|281|270,240|259|245
1447,Kayla Perry,3,Riverside Elementary,ES,2024-25,Ms. Chen,94.4,0,0,2.23,1,308,308,297,297,,,G3,308,297
1448,Knox Nash,11,Washington High,HS,2024-25,Mr. Williams,99.6,0,0,3.63,0,358,357,322,323,156,4.4,G3|G4|G5|G6|G7|G8|G9|G10|G11,332|354|341|353|343|345|366|351|358,298|301|291|299|305|314|322|309|322
1449,Mace Bishop,10,Washington High,HS,2024-25,Ms. Torres,98.0,1,0,2.19,0,317,317,318,315,160,3.3,G3|G4|G5|G6|G7|G8|G9|G10,299|294|307|297|319|299|319|317,299|290|299|306|311|308|317|318
1450,Wren Fisher,7,Lincoln Middle,MS,2024-25,Mr. Pham,59.9,3,0,1.86,2,271,275,256,270,127,0.5,G3|G4|G5|G6|G7,251|256|263|270|271,242|242|254|244|256
1451,Joel Perry,4,Riverside Elementary,ES,2024-25,Ms. Johnson,92.0,1,0,3.61,0,303,307,338,339,,3.7,G3|G4,306|303,343|338
1452,Isaiah Taylor,7,Lincoln Middle,MS,2024-25,Mr. Okafor,73.6,4,1,1.62,3,256,259,268,268,129,0.8,G3|G4|G5|G6|G7,240|249|249|263|256,256|259|266|261|268
1453,Sasha Kaur,9,Washington High,HS,2024-25,Ms. Rivera,93.4,1,0,3.33,0,305,306,315,317,157,3.8,G3|G4|G5|G6|G7|G8|G9,272|292|309|285|305|306|305,286|298|302|302|311|307|315
1454,Surf Ibarra,7,Lincoln Middle,MS,2024-25,Ms. Chen,98.7,0,0,3.3,0,336,332,332,333,160,4.2,G3|G4|G5|G6|G7,322|330|341|329|336,328|309|308|333|332
1455,Ula Thomas,4,Riverside Elementary,ES,2024-25,Mr. Williams,85,4,0,1.67,1,266,280,251,252,,0.7,G3|G4,264|266,240|251
1456,Ximena Chen,11,Washington High,HS,2024-25,Ms. Torres,95.0,1,0,3.07,0,307,303,297,297,157,3.4,G3|G4|G5|G6|G7|G8|G9|G10|G11,269|290|295|286|290|293|297|295|307,267|261|278|287|289|289|296|289|297
1457,Samuel Harris,3,Riverside Elementary,ES,2024-25,Mr. Pham,96.8,0,0,3.62,0,329,330,355,359,,,G3,329,355
1458,Warren Carroll,7,Lincoln Middle,MS,2024-25,Ms. Johnson,95.5,0,0,3.25,0,322,322,312,314,164,3.0,G3|G4|G5|G6|G7,306|312|320|319|322,297|297|307|303|312
1459,Esme Bishop,6,Lincoln Middle,MS,2024-25,Mr. Okafor,93.4,1,0,2.13,1,297,297,313,313,154,3.6,G3|G4|G5|G6,303|292|300|297,310|303|315|313
1460,Elena Chen,8,Lincoln Middle,MS,2024-25,Ms. Rivera,100,0,0,3.34,0,332,332,297,299,165,4.5,G3|G4|G5|G6|G7|G8,311|309|321|314|321|332,285|285|292|283|286|297
1461,Priya Xu,3,Riverside Elementary,ES,2024-25,Ms. Chen,85,3,0,1.68,2,264,271,279,284,,,G3,264,279
1462,Surf Jackson,8,Lincoln Middle,MS,2024-25,Mr. Williams,92.5,0,0,2.2,0,316,320,316,319,165,3.5,G3|G4|G5|G6|G7|G8,301|306|320|311|319|316,290|291|310|302|306|316
1463,Zora Lane,10,Washington High,HS,2024-25,Ms. Torres,97.2,0,0,3.41,0,335,337,303,305,158,3.9,G3|G4|G5|G6|G7|G8|G9|G10,316|318|325|314|339|336|334|335,283|298|281|292|286|292|307|303
1464,Joel Uribe,5,Riverside Elementary,ES,2024-25,Mr. Pham,96.8,0,0,3.46,0,319,319,319,317,151,4.4,G3|G4|G5,305|317|319,314|312|319
1465,Genesis Todd,3,Riverside Elementary,ES,2024-25,Ms. Johnson,98.5,0,0,3.52,0,324,328,328,325,,,G3,324,328
1466,Lucia Ford,5,Riverside Elementary,ES,2024-25,Mr. Okafor,99.3,1,0,3.69,0,330,332,298,301,175,3.7,G3|G4|G5,316|332|330,296|294|298
1467,Hamid Ayala,5,Riverside Elementary,ES,2024-25,Ms. Rivera,97.3,0,0,3.68,0,303,305,306,308,161,4.0,G3|G4|G5,306|295|303,300|295|306
1468,Yusuf Xiao,5,Riverside Elementary,ES,2024-25,Ms. Chen,96.2,0,0,3.63,0,319,319,316,320,174,3.6,G3|G4|G5,320|319|319,316|332|316
1469,Coral Obrien,9,Washington High,HS,2024-25,Mr. Williams,74.3,3,1,1.42,2,282,284,253,253,123,1.5,G3|G4|G5|G6|G7|G8|G9,272|262|269|263|273|264|282,240|243|240|240|243|240|253
1470,Celeste Hall,5,Riverside Elementary,ES,2024-25,Ms. Torres,94.0,0,0,2.34,1,306,309,297,299,154,3.5,G3|G4|G5,307|299|306,292|292|297
1471,Uriel Hall,3,Riverside Elementary,ES,2024-25,Mr. Pham,97.3,0,0,3.22,0,319,321,329,323,,,G3,319,329
1472,Yara Dean,5,Riverside Elementary,ES,2024-25,Ms. Johnson,80.3,3,3,1.84,1,267,282,270,280,106,1.7,G3|G4|G5,260|264|267,264|275|270
1473,Yolanda Thomas,7,Lincoln Middle,MS,2024-25,Mr. Okafor,73.0,2,0,1.27,2,255,259,247,256,106,1.7,G3|G4|G5|G6|G7,240|240|254|273|255,240|244|249|241|247
1474,Ivan Underwood,7,Lincoln Middle,MS,2024-25,Ms. Rivera,96.9,0,0,2.91,0,300,303,310,313,150,3.6,G3|G4|G5|G6|G7,288|292|302|291|300,301|299|297|306|310
1475,Yolanda Vargas,6,Lincoln Middle,MS,2024-25,Ms. Chen,92.1,0,0,2.22,1,335,337,297,297,154,3.8,G3|G4|G5|G6,322|327|326|335,300|292|285|297
1476,Omar Zimmerman,3,Riverside Elementary,ES,2024-25,Mr. Williams,84.6,4,0,0.5,3,270,273,265,270,,,G3,270,265
1477,Aria King,6,Lincoln Middle,MS,2024-25,Ms. Torres,94.7,0,0,3.69,0,334,337,318,319,167,4.4,G3|G4|G5|G6,327|328|324|334,302|313|312|318
1478,Isaiah Ford,8,Lincoln Middle,MS,2024-25,Mr. Pham,93.5,0,0,3.27,0,330,328,335,331,170,3.7,G3|G4|G5|G6|G7|G8,304|329|324|336|328|330,321|324|333|340|330|335
1479,Tide Acosta,6,Lincoln Middle,MS,2024-25,Ms. Johnson,81.1,5,2,1.27,4,272,277,273,284,112,1.3,G3|G4|G5|G6,254|264|254|272,267|259|263|273
1480,Pax Cruz,7,Lincoln Middle,MS,2024-25,Mr. Okafor,94.0,0,0,3.68,0,313,310,297,300,172,4.0,G3|G4|G5|G6|G7,294|312|302|298|313,277|277|297|285|297
1481,Olivia Clark,5,Riverside Elementary,ES,2024-25,Ms. Rivera,91.4,1,0,2.05,1,324,327,309,313,158,3.1,G3|G4|G5,327|315|324,294|315|309
1482,Beck Nash,6,Lincoln Middle,MS,2024-25,Ms. Chen,91.3,1,0,2.08,0,312,315,306,306,158,3.2,G3|G4|G5|G6,299|294|314|312,299|296|307|306
1483,Dale Flynn,3,Riverside Elementary,ES,2024-25,Mr. Williams,93.6,1,0,2.35,1,310,309,306,309,,,G3,310,306
1484,Aria Flynn,10,Washington High,HS,2024-25,Ms. Torres,96.7,0,0,2.09,1,330,334,297,301,157,3.3,G3|G4|G5|G6|G7|G8|G9|G10,306|293|314|330|318|328|329|330,295|282|288|291|293|284|300|297
1485,Theo Green,11,Washington High,HS,2024-25,Mr. Pham,93.0,0,0,2.71,0,301,300,311,313,157,3.9,G3|G4|G5|G6|G7|G8|G9|G10|G11,270|292|286|296|289|275|295|290|301,289|286|290|290|301|299|310|304|311
1486,Carlos Ibarra,4,Riverside Elementary,ES,2024-25,Ms. Johnson,95.9,1,0,3.08,0,322,322,312,315,,3.2,G3|G4,313|322,310|312
1487,Brock Valdez,4,Riverside Elementary,ES,2024-25,Mr. Okafor,94.7,1,0,2.22,1,329,330,317,320,,3.6,G3|G4,324|329,311|317
1488,Carlos Gomez,5,Riverside Elementary,ES,2024-25,Ms. Rivera,93.7,0,0,2.06,1,317,317,315,317,150,3.9,G3|G4|G5,319|317|317,315|314|315
1489,Harlow Zhang,3,Riverside Elementary,ES,2024-25,Ms. Chen,78.3,0,1,1.8,1,247,249,276,284,,,G3,247,276
1490,Opal Reed,10,Washington High,HS,2024-25,Mr. Williams,99.2,0,0,4.0,0,304,308,323,324,165,3.3,G3|G4|G5|G6|G7|G8|G9|G10,287|294|295|296|296|301|315|304,313|301|314|308|325|328|309|323
1491,Nathan Castro,9,Washington High,HS,2024-25,Ms. Torres,95.9,0,0,3.63,0,318,318,301,303,159,3.9,G3|G4|G5|G6|G7|G8|G9,304|313|307|307|311|316|318,277|288|298|299|289|299|301
1492,Fabian Green,7,Lincoln Middle,MS,2024-25,Mr. Pham,99.3,0,0,3.62,0,321,321,304,301,157,3.1,G3|G4|G5|G6|G7,315|312|301|312|321,288|289|301|314|304
1493,Mateo Knox,7,Lincoln Middle,MS,2024-25,Ms. Johnson,85,4,3,1.37,1,250,252,270,274,113,1.4,G3|G4|G5|G6|G7,240|248|250|249|250,254|264|270|262|270
1494,Ximena Castro,4,Riverside Elementary,ES,2024-25,Mr. Okafor,75.8,1,2,1.58,2,280,280,251,256,,0.5,G3|G4,277|280,240|251
1495,Dove Baker,7,Lincoln Middle,MS,2024-25,Ms. Rivera,93.5,1,0,2.98,0,326,325,306,306,170,4.4,G3|G4|G5|G6|G7,320|322|322|335|326,285|281|292|292|306
1496,Aiden Clark,8,Lincoln Middle,MS,2024-25,Ms. Chen,93.7,1,0,3.38,0,330,329,319,319,158,3.0,G3|G4|G5|G6|G7|G8,323|318|317|330|333|330,308|299|308|302|320|319
1497,Tatum Okafor,10,Washington High,HS,2024-25,Mr. Williams,97.0,0,0,2.67,0,321,318,319,321,150,4.5,G3|G4|G5|G6|G7|G8|G9|G10,289|316|307|303|311|307|313|321,289|312|300|313|312|318|316|319
1498,Noah Miller,9,Washington High,HS,2024-25,Ms. Torres,93.5,0,0,2.95,0,322,323,312,316,161,3.5,G3|G4|G5|G6|G7|G8|G9,307|313|320|310|312|312|322,290|291|300|307|300|314|312
1499,Zion Abbott,3,Riverside Elementary,ES,2024-25,Mr. Pham,94.0,0,0,3.64,0,322,321,301,301,,,G3,322,301
1500,Wren Harris,9,Washington High,HS,2024-25,Ms. Johnson,79.2,5,2,1.45,4,266,268,279,283,127,1.6,G3|G4|G5|G6|G7|G8|G9,245|247|260|246|251|270|266,272|264|260|276|267|277|279
